2	17	19	0	ok
1	19	18	0	ok
3	17	0	1	rejected:mixed-input-authority
4	0	0	0	ok
5	4	4	0	ok
6	23	23	0	ok
7	11	11	0	ok
8	7	7	0	ok
9	8	8	0	ok
10	7	7	0	ok
11	8	8	0	ok
12	26	26	0	ok
13	0	0	0	ok
14	5	5	0	ok
15	0	72	1	ok
16	80	58	0	ok
17	0	308	1	ok
18	0	262	1	ok
19	16	11	0	ok
20	5	5	0	ok
21	5	5	0	ok
22	16	11	0	ok
23	25	10	0	ok
24	25	15	0	ok
25	15	15	0	ok
26	16	11	0	ok
27	25	10	0	ok
28	25	15	0	ok
29	15	15	0	ok
30	0	242	1	ok
31	25	25	0	ok
32	17	17	0	ok
33	24	24	0	ok
34	16	16	0	ok
35	22	22	0	ok
36	14	14	0	ok
37	22	22	0	ok
38	14	14	0	ok
39	22	22	0	ok
40	14	14	0	ok
41	23	23	0	ok
42	15	15	0	ok
43	24	24	0	ok
44	16	16	0	ok
45	22	22	0	ok
46	14	14	0	ok
47	22	22	0	ok
48	14	14	0	ok
49	0	1192	1	ok
50	0	1193	1	ok
51	22	22	0	ok
52	14	14	0	ok
53	22	22	0	ok
54	14	14	0	ok
55	0	1752	1	ok
56	25	7	0	ok
57	25	8	0	ok
58	25	10	0	ok
59	2	1	0	ok
60	4	3	0	ok
61	2	1	0	ok
62	633	682	0	ok
63	6	6	0	ok
64	126	123	0	ok
65	20	20	0	ok
66	0	1456	1	ok
67	0	803	1	ok
68	22	22	0	ok
69	14	14	0	ok
70	22	22	0	ok
71	14	14	0	ok
72	24	24	0	ok
73	16	16	0	ok
74	22	22	0	ok
75	14	14	0	ok
76	22	22	0	ok
77	14	14	0	ok
78	22	22	0	ok
79	14	14	0	ok
80	22	22	0	ok
81	14	14	0	ok
82	22	22	0	ok
83	14	14	0	ok
84	25	25	0	ok
85	17	17	0	ok
86	25	25	0	ok
87	19	19	0	ok
88	26	26	0	ok
89	20	20	0	ok
90	25	25	0	ok
91	19	19	0	ok
92	18	18	0	ok
93	12	12	0	ok
94	19	19	0	ok
95	13	13	0	ok
96	19	19	0	ok
97	13	13	0	ok
98	18	18	0	ok
99	12	12	0	ok
100	18	18	0	ok
101	12	12	0	ok
102	19	19	0	ok
103	13	13	0	ok
104	18	18	0	ok
105	12	12	0	ok
106	18	18	0	ok
107	12	12	0	ok
108	18	18	0	ok
109	12	12	0	ok
110	21	21	0	ok
111	15	15	0	ok
112	18	18	0	ok
113	12	12	0	ok
114	22	22	0	ok
115	16	16	0	ok
116	18	18	0	ok
117	12	12	0	ok
118	19	19	0	ok
119	13	13	0	ok
120	19	19	0	ok
121	13	13	0	ok
122	24	24	0	ok
123	0	2694	1	ok
124	28	28	0	ok
125	0	2734	1	ok
126	23	23	0	ok
127	0	2684	1	ok
128	25	25	0	ok
129	19	19	0	ok
130	0	1706	1	ok
131	0	1710	1	ok
132	272	4	0	ok
134	22922	6700	0	ok
135	21095	4261	0	ok
133	4261	6388	0	ok
136	1344	1343	0	ok
137	920	2760	0	ok
138	0	184	1	ok
140	3581	3777	0	ok
139	3777	3685	0	ok
141	0	0	1	ok
143	1659	1654	0	ok
142	1654	1654	0	ok
144	0	0	0	ok
145	29	87	0	ok
146	0	0	0	ok
147	4155	4155	0	ok
148	12	12	0	ok
149	0	28	1	ok
150	0	6331	1	ok
151	15	15	0	ok
152	0	0	1	ok
153	0	316	1	ok
154	0	0	1	ok
155	12	12	0	ok
156	23440	6899	0	ok
157	21469	4261	0	ok
158	0	0	0	ok
159	4	4	0	ok
160	23	23	0	ok
161	11	11	0	ok
162	7	7	0	ok
163	8	8	0	ok
164	7	7	0	ok
165	8	8	0	ok
166	26	26	0	ok
167	0	0	0	ok
168	16	11	0	ok
169	5	5	0	ok
170	5	5	0	ok
171	16	11	0	ok
172	25	10	0	ok
173	25	15	0	ok
174	15	15	0	ok
175	16	11	0	ok
176	25	10	0	ok
177	25	15	0	ok
178	15	15	0	ok
179	0	72	1	ok
180	80	58	0	ok
181	0	308	1	ok
182	0	262	1	ok
183	0	242	1	ok
184	25	25	0	ok
185	17	17	0	ok
186	24	24	0	ok
187	16	16	0	ok
188	22	22	0	ok
189	14	14	0	ok
190	22	22	0	ok
191	14	14	0	ok
192	22	22	0	ok
193	14	14	0	ok
194	23	23	0	ok
195	15	15	0	ok
196	24	24	0	ok
197	16	16	0	ok
198	22	22	0	ok
199	14	14	0	ok
200	22	22	0	ok
201	14	14	0	ok
202	0	1135	1	ok
203	0	482	1	ok
204	26	26	0	ok
205	29	29	0	ok
206	39	39	0	ok
207	36	36	0	ok
208	43	43	0	ok
209	38	38	0	ok
210	131	131	0	ok
211	0	704	1	ok
212	0	757	1	ok
213	24	24	0	ok
214	16	16	0	ok
215	25	25	0	ok
216	17	17	0	ok
217	22	22	0	ok
218	14	14	0	ok
219	22	22	0	ok
220	14	14	0	ok
221	22	22	0	ok
222	14	14	0	ok
223	22	22	0	ok
224	14	14	0	ok
225	22	22	0	ok
226	14	14	0	ok
227	23	23	0	ok
228	15	15	0	ok
229	24	24	0	ok
230	16	16	0	ok
231	20	20	0	ok
232	12	12	0	ok
233	28	28	0	ok
234	20	20	0	ok
235	24	24	0	ok
236	16	16	0	ok
237	24	24	0	ok
238	16	16	0	ok
239	21	21	0	ok
240	13	13	0	ok
241	22	22	0	ok
242	14	14	0	ok
243	25	25	0	ok
244	0	1023	1	ok
245	25	25	0	ok
246	0	1023	1	ok
247	27	27	0	ok
248	19	19	0	ok
249	35	35	0	ok
250	0	1064	1	ok
251	25	25	0	ok
252	0	1054	1	ok
253	26	26	0	ok
254	0	1055	1	ok
255	29	29	0	ok
256	0	1058	1	ok
257	22	22	0	ok
258	14	14	0	ok
259	25	25	0	ok
260	17	17	0	ok
261	23	23	0	ok
262	0	1107	1	ok
263	25	25	0	ok
264	17	17	0	ok
265	0	1987	1	ok
266	0	2081	1	ok
267	0	2108	1	ok
268	0	2133	1	ok
269	0	2158	1	ok
270	20	20	0	ok
271	14	14	0	ok
272	18	18	0	ok
273	12	12	0	ok
274	20	20	0	ok
275	14	14	0	ok
276	16	16	0	ok
277	10	10	0	ok
278	17	17	0	ok
279	11	11	0	ok
280	19	19	0	ok
281	13	13	0	ok
282	17	17	0	ok
283	11	11	0	ok
284	18	18	0	ok
285	12	12	0	ok
286	17	17	0	ok
287	11	11	0	ok
288	15	15	0	ok
289	9	9	0	ok
290	18	18	0	ok
291	12	12	0	ok
292	23	23	0	ok
293	0	2877	1	ok
294	24	24	0	ok
295	18	18	0	ok
296	17	17	0	ok
297	11	11	0	ok
298	18	18	0	ok
299	12	12	0	ok
300	18	18	0	ok
301	12	12	0	ok
302	18	18	0	ok
303	12	12	0	ok
304	18	18	0	ok
305	12	12	0	ok
306	18	18	0	ok
307	12	12	0	ok
308	19	19	0	ok
309	13	13	0	ok
310	19	19	0	ok
311	13	13	0	ok
312	18	18	0	ok
313	12	12	0	ok
314	20	20	0	ok
315	14	14	0	ok
316	18	18	0	ok
317	12	12	0	ok
318	18	18	0	ok
319	12	12	0	ok
320	18	18	0	ok
321	12	12	0	ok
322	18	18	0	ok
323	12	12	0	ok
324	18	18	0	ok
325	12	12	0	ok
326	20	20	0	ok
327	14	14	0	ok
328	22	22	0	ok
329	0	3286	1	ok
330	18	18	0	ok
331	12	12	0	ok
332	19	19	0	ok
333	13	13	0	ok
334	22	22	0	ok
335	16	16	0	ok
336	18	18	0	ok
337	12	12	0	ok
338	18	18	0	ok
339	12	12	0	ok
340	23	23	0	ok
341	17	17	0	ok
342	19	19	0	ok
343	13	13	0	ok
344	19	19	0	ok
345	13	13	0	ok
346	19	19	0	ok
347	13	13	0	ok
348	18	18	0	ok
349	12	12	0	ok
350	18	18	0	ok
351	12	12	0	ok
352	18	18	0	ok
353	12	12	0	ok
354	19	19	0	ok
355	13	13	0	ok
356	19	19	0	ok
357	13	13	0	ok
358	20	20	0	ok
359	14	14	0	ok
360	22	22	0	ok
361	16	16	0	ok
362	18	18	0	ok
363	12	12	0	ok
364	21	21	0	ok
365	15	15	0	ok
366	20	20	0	ok
367	14	14	0	ok
368	19	19	0	ok
369	13	13	0	ok
370	21	21	0	ok
371	15	15	0	ok
372	20	20	0	ok
373	14	14	0	ok
374	19	19	0	ok
375	13	13	0	ok
376	24	24	0	ok
377	0	3891	1	ok
378	0	2970	1	ok
379	0	2735	1	ok
380	16	16	0	ok
381	10	10	0	ok
382	17	17	0	ok
383	11	11	0	ok
384	0	3976	1	ok
385	0	2920	1	ok
386	0	2914	1	ok
387	0	2920	1	ok
388	0	2937	1	ok
389	25	25	0	ok
390	19	19	0	ok
391	34	34	0	ok
392	0	4157	1	ok
393	16	16	0	ok
394	10	10	0	ok
395	21	21	0	ok
396	15	15	0	ok
397	21	21	0	ok
398	15	15	0	ok
399	22	22	0	ok
400	0	4113	1	ok
401	24	24	0	ok
402	18	18	0	ok
403	19	19	0	ok
404	0	4113	1	ok
405	19	19	0	ok
406	13	13	0	ok
407	28	28	0	ok
408	0	4228	1	ok
409	27	27	0	ok
410	0	4218	1	ok
411	20	20	0	ok
412	14	14	0	ok
413	21	21	0	ok
414	0	4184	1	ok
415	16	16	0	ok
416	0	4134	1	ok
417	19	19	0	ok
418	0	4164	1	ok
419	20	20	0	ok
420	0	4174	1	ok
421	20	20	0	ok
422	14	14	0	ok
423	21	21	0	ok
424	15	15	0	ok
425	19	19	0	ok
426	13	13	0	ok
427	18	18	0	ok
428	0	4232	1	ok
429	17	17	0	ok
430	0	4222	1	ok
431	17	17	0	ok
432	0	4222	1	ok
433	17	17	0	ok
434	11	11	0	ok
435	17	17	0	ok
436	0	4245	1	ok
437	17	17	0	ok
438	0	4245	1	ok
439	17	9	0	ok
440	17	21	0	ok
441	4	4	0	ok
442	4	4	0	ok
443	9	9	0	ok
444	9	9	0	ok
445	10	10	0	ok
446	10	10	0	ok
447	9	9	0	ok
448	9	9	0	ok
449	10	10	0	ok
450	10	10	0	ok
451	7	7	0	ok
452	7	7	0	ok
453	7	7	0	ok
454	7	7	0	ok
455	7	7	0	ok
456	7	7	0	ok
457	7	7	0	ok
458	7	7	0	ok
459	8	8	0	ok
460	8	8	0	ok
461	5	5	0	ok
462	5	5	0	ok
463	7	7	0	ok
464	7	7	0	ok
465	8	8	0	ok
466	8	8	0	ok
467	8	8	0	ok
468	8	8	0	ok
469	9	9	0	ok
470	9	9	0	ok
471	11	11	0	ok
472	11	11	0	ok
473	8	8	0	ok
474	8	8	0	ok
475	0	4018	1	ok
476	22	22	0	ok
477	14	14	0	ok
478	22	22	0	ok
479	14	14	0	ok
481	24674	8480	0	ok
482	22946	6809	0	ok
480	6809	11431	0	ok
483	16	14	0	ok
484	15	13	0	ok
485	17	15	0	ok
486	1344	1343	0	ok
487	19	46	0	ok
488	797	2384	0	ok
489	0	158	1	ok
491	3294	3464	0	ok
490	3464	3385	0	ok
492	0	0	1	ok
494	3469	3464	0	ok
493	3464	3464	0	ok
495	0	0	0	ok
496	29	87	0	ok
497	0	0	0	ok
498	4108	4108	0	ok
499	12	12	0	ok
500	0	0	1	ok
501	0	67111	1	ok
502	0	0	1	ok
503	22	12	0	ok
504	10	10	0	ok
505	11	3	0	ok
506	0	0	1	ok
507	0	3439	1	ok
508	0	0	1	ok
509	10	10	0	ok
510	25572	8689	0	ok
511	23700	6809	0	ok
512	0	0	0	ok
513	4	4	0	ok
514	23	23	0	ok
515	11	11	0	ok
516	7	7	0	ok
517	8	8	0	ok
518	7	7	0	ok
519	8	8	0	ok
520	26	26	0	ok
521	0	0	0	ok
522	16	11	0	ok
523	5	5	0	ok
524	5	5	0	ok
525	16	11	0	ok
526	25	10	0	ok
527	25	15	0	ok
528	15	15	0	ok
529	16	11	0	ok
530	25	10	0	ok
531	25	15	0	ok
532	15	15	0	ok
533	16	11	0	ok
534	25	10	0	ok
535	25	15	0	ok
536	15	15	0	ok
537	13	6	0	ok
538	5	5	0	ok
539	0	72	1	ok
540	80	58	0	ok
541	0	359	1	ok
542	0	313	1	ok
543	22464	134	0	ok
544	15	5	0	ok
545	15	9	0	ok
546	15	5	0	ok
547	15	9	0	ok
548	15	5	0	ok
549	15	9	0	ok
550	15	5	0	ok
551	15	9	0	ok
552	9344	7227	0	ok
553	21	21	0	ok
554	41	41	0	ok
555	81	81	0	ok
556	161	161	0	ok
557	321	321	0	ok
558	641	641	0	ok
559	1281	1281	0	ok
560	2561	2561	0	ok
561	5121	5121	0	ok
562	10241	10241	0	ok
563	20481	20481	0	ok
564	0	0	0	ok
565	0	0	0	ok
566	0	0	0	ok
567	0	293	1	ok
568	25	25	0	ok
569	17	17	0	ok
570	24	24	0	ok
571	16	16	0	ok
572	22	22	0	ok
573	14	14	0	ok
574	22	22	0	ok
575	14	14	0	ok
576	22	22	0	ok
577	14	14	0	ok
578	23	23	0	ok
579	15	15	0	ok
580	24	24	0	ok
581	16	16	0	ok
582	22	22	0	ok
583	14	14	0	ok
584	22	22	0	ok
585	14	14	0	ok
586	131	10	0	ok
587	0	0	0	ok
588	0	0	0	ok
589	34	34	0	ok
590	46	64	0	ok
591	1	0	0	ok
592	0	0	1	ok
593	46	64	0	ok
594	1	0	0	ok
595	0	0	1	ok
596	0	589	1	ok
597	22	22	0	ok
598	14	14	0	ok
599	22	22	0	ok
600	14	14	0	ok
601	0	1807	1	ok
602	18	18	0	ok
603	12	12	0	ok
604	20	20	0	ok
605	14	14	0	ok
607	27314	7698	0	ok
608	24870	3453	0	ok
606	3453	4803	0	ok
609	0	483	1	ok
610	810	809	0	ok
611	7	7	0	ok
612	7	7	0	ok
613	3	3	0	ok
614	4	4	0	ok
615	8	8	0	ok
616	9	9	0	ok
617	131	131	0	ok
618	12	12	0	ok
619	25	25	0	ok
620	25	25	0	ok
621	10	10	0	ok
622	25	25	0	ok
623	25	25	0	ok
624	10	10	0	ok
625	90	90	0	ok
626	101	101	0	ok
627	91	91	0	ok
628	92	92	0	ok
629	94	94	0	ok
630	19	19	0	ok
631	3	3	0	ok
632	6	6	0	ok
633	6	6	0	ok
634	2	2	0	ok
635	1	1	0	ok
636	6	6	0	ok
637	13	13	0	ok
638	21	21	0	ok
639	4	4	0	ok
640	39	39	0	ok
641	6	6	0	ok
642	9	9	0	ok
643	11	11	0	ok
644	5	5	0	ok
645	4	4	0	ok
646	2	2	0	ok
647	5	5	0	ok
648	34	34	0	ok
649	1	1	0	ok
650	46	46	0	ok
651	3	3	0	ok
652	226	226	0	ok
653	151	151	0	ok
654	226	226	0	ok
655	1	1	0	ok
656	1	1	0	ok
657	1	1	0	ok
658	123	135	0	ok
659	197	215	0	ok
660	6	6	0	ok
661	5	5	0	ok
662	1	1	0	ok
663	1	1	0	ok
664	7	7	0	ok
665	1	1	0	ok
666	4	4	0	ok
667	3	3	0	ok
668	1	1	0	ok
669	1	1	0	ok
670	1	1	0	ok
671	1	1	0	ok
672	1	1	0	ok
673	2	2	0	ok
674	4	4	0	ok
675	1	1	0	ok
676	4	4	0	ok
677	3	3	0	ok
678	1	1	0	ok
679	1	1	0	ok
680	3	3	0	ok
681	1	1	0	ok
682	1	1	0	ok
683	1	1	0	ok
684	1	1	0	ok
685	1	1	0	ok
686	1	1	0	ok
687	3	3	0	ok
688	1	1	0	ok
689	1	1	0	ok
690	1	1	0	ok
691	1	1	0	ok
692	1	1	0	ok
693	3	3	0	ok
694	3	3	0	ok
695	3	3	0	ok
696	12	12	0	ok
697	3	3	0	ok
698	3	3	0	ok
699	8	8	0	ok
700	1	1	0	ok
701	3	3	0	ok
702	97	103	0	ok
703	40	40	0	ok
704	1	1	0	ok
705	1	1	0	ok
706	1	1	0	ok
707	22	22	0	ok
708	3	3	0	ok
709	3	3	0	ok
710	6	6	0	ok
711	1	1	0	ok
712	16	16	0	ok
713	3	3	0	ok
714	9	9	0	ok
715	106	106	0	ok
716	40	40	0	ok
717	1	1	0	ok
718	1	1	0	ok
719	1	1	0	ok
720	40	40	0	ok
721	1	1	0	ok
722	4	4	0	ok
723	29	29	0	ok
724	14	14	0	ok
725	12	12	0	ok
726	8	8	0	ok
727	8	8	0	ok
728	8	8	0	ok
729	1	1	0	ok
730	1	1	0	ok
731	1264	3778	0	ok
732	0	250	1	ok
734	5718	6031	0	ok
733	6031	5906	0	ok
735	0	0	0	ok
736	29	87	0	ok
737	12	13	0	ok
738	13	15	0	ok
739	21	25	0	ok
740	11	12	0	ok
741	123	141	0	ok
742	197	225	0	ok
743	9	10	0	ok
744	106	116	0	ok
745	40	44	0	ok
746	39	43	0	ok
747	34	37	0	ok
748	46	52	0	ok
749	97	103	0	ok
750	40	49	0	ok
751	0	0	0	ok
752	6376	6376	0	ok
753	12	12	0	ok
754	0	48	1	ok
755	0	27207	1	ok
756	9	9	0	ok
757	0	2	1	ok
758	29289	6	0	ok
759	29289	8	0	ok
760	29289	1	0	ok
761	29289	0	0	ok
762	29289	0	0	ok
763	0	0	0	ok
764	8	8	0	ok
765	0	0	0	ok
766	0	7044	1	ok
767	0	242722	1	ok
768	28549	7924	0	ok
769	25619	3453	0	ok
770	0	0	0	ok
771	4	4	0	ok
772	23	23	0	ok
773	11	11	0	ok
774	7	7	0	ok
775	8	8	0	ok
776	7	7	0	ok
777	8	8	0	ok
778	26	26	0	ok
779	0	0	0	ok
780	16	11	0	ok
781	5	5	0	ok
782	5	5	0	ok
783	16	11	0	ok
784	25	10	0	ok
785	25	15	0	ok
786	15	15	0	ok
787	16	11	0	ok
788	25	10	0	ok
789	25	15	0	ok
790	15	15	0	ok
791	16	11	0	ok
792	25	10	0	ok
793	25	15	0	ok
794	15	15	0	ok
795	0	72	1	ok
796	80	58	0	ok
797	0	326	1	ok
798	0	280	1	ok
799	13	6	0	ok
800	5	5	0	ok
801	22464	134	0	ok
802	15	5	0	ok
803	15	9	0	ok
804	15	5	0	ok
805	15	9	0	ok
806	15	5	0	ok
807	15	9	0	ok
808	15	5	0	ok
809	15	9	0	ok
810	0	72	1	ok
811	0	309	1	ok
812	25	25	0	ok
813	17	17	0	ok
814	24	24	0	ok
815	16	16	0	ok
816	22	22	0	ok
817	14	14	0	ok
818	22	22	0	ok
819	14	14	0	ok
820	22	22	0	ok
821	14	14	0	ok
822	23	23	0	ok
823	15	15	0	ok
824	24	24	0	ok
825	16	16	0	ok
826	22	22	0	ok
827	14	14	0	ok
828	22	22	0	ok
829	14	14	0	ok
830	0	1202	1	ok
831	0	549	1	ok
832	9344	7227	0	ok
833	21	21	0	ok
834	41	41	0	ok
835	81	81	0	ok
836	161	161	0	ok
837	321	321	0	ok
838	641	641	0	ok
839	1281	1281	0	ok
840	2561	2561	0	ok
841	5121	5121	0	ok
842	10241	10241	0	ok
843	20481	20481	0	ok
844	0	0	0	ok
845	0	0	0	ok
846	0	0	0	ok
847	131	10	0	ok
848	0	0	0	ok
849	0	0	0	ok
850	34	34	0	ok
851	46	64	0	ok
852	1	0	0	ok
853	0	0	1	ok
854	46	64	0	ok
855	1	0	0	ok
856	0	0	1	ok
857	0	1880	1	ok
858	0	1037	1	ok
859	0	1860	1	ok
860	0	1033	1	ok
861	0	1033	1	ok
862	0	1037	1	ok
863	0	1418	1	ok
864	36	36	0	ok
865	0	1536	1	ok
866	22	22	0	ok
867	14	14	0	ok
868	22	22	0	ok
869	14	14	0	ok
870	22	22	0	ok
871	14	14	0	ok
872	23	23	0	ok
873	15	15	0	ok
874	22	22	0	ok
875	14	14	0	ok
876	20	20	0	ok
877	12	12	0	ok
878	22	22	0	ok
879	14	14	0	ok
880	21	21	0	ok
881	13	13	0	ok
882	22	22	0	ok
883	14	14	0	ok
884	21	21	0	ok
885	13	13	0	ok
886	24	24	0	ok
887	16	16	0	ok
888	24	24	0	ok
889	16	16	0	ok
890	24	24	0	ok
891	16	16	0	ok
892	28	28	0	ok
893	20	20	0	ok
894	26	26	0	ok
895	0	1412	1	ok
896	0	1412	1	ok
897	0	1416	1	ok
898	0	1415	1	ok
899	0	1411	1	ok
900	29	29	0	ok
901	14	14	0	ok
902	17	17	0	ok
903	11	11	0	ok
904	23	23	0	ok
905	0	2581	1	ok
906	21	21	0	ok
907	15	15	0	ok
908	19	19	0	ok
909	13	13	0	ok
910	18	18	0	ok
911	12	12	0	ok
912	18	18	0	ok
913	12	12	0	ok
914	18	18	0	ok
915	12	12	0	ok
916	18	18	0	ok
917	12	12	0	ok
918	20	20	0	ok
919	14	14	0	ok
920	21	21	0	ok
921	15	15	0	ok
922	9	9	0	ok
923	9	9	0	ok
924	7	7	0	ok
925	7	7	0	ok
926	9	9	0	ok
927	9	9	0	ok
928	7	7	0	ok
929	7	7	0	ok
930	9	9	0	ok
931	9	9	0	ok
932	4	4	0	ok
933	4	4	0	ok
934	5	5	0	ok
935	5	5	0	ok
936	7	7	0	ok
937	7	7	0	ok
938	7	7	0	ok
939	7	7	0	ok
940	8	8	0	ok
941	8	8	0	ok
942	7	7	0	ok
943	7	7	0	ok
944	7	7	0	ok
945	7	7	0	ok
946	9	9	0	ok
947	9	9	0	ok
948	10	10	0	ok
949	10	10	0	ok
950	9	9	0	ok
951	9	9	0	ok
952	10	10	0	ok
953	10	10	0	ok
954	8	8	0	ok
955	8	8	0	ok
956	25	7	0	ok
957	57	49	0	ok
958	195	286	0	ok
959	195	208	0	ok
960	57	61	0	ok
961	0	2352	1	ok
962	0	2385	1	ok
963	0	2387	1	ok
964	0	2349	1	ok
965	0	2350	1	ok
966	0	2351	1	ok
967	0	2415	1	ok
968	0	2450	1	ok
969	0	2411	1	ok
970	0	2446	1	ok
971	0	2413	1	ok
972	0	2448	1	ok
973	0	2414	1	ok
974	0	2415	1	ok
975	0	2453	1	ok
976	0	2449	1	ok
977	0	2451	1	ok
978	0	2418	1	ok
979	18	18	0	ok
980	12	12	0	ok
981	20	20	0	ok
982	14	14	0	ok
983	18	18	0	ok
984	12	12	0	ok
985	20	20	0	ok
986	14	14	0	ok
987	19	19	0	ok
988	13	13	0	ok
989	22	22	0	ok
990	14	14	0	ok
991	22	22	0	ok
992	14	14	0	ok
993	19	19	0	ok
994	13	13	0	ok
995	20	20	0	ok
996	14	14	0	ok
998	38410	11942	0	ok
999	34960	7232	0	ok
997	7232	11569	0	ok
1000	1344	1343	0	ok
1001	3	3	0	ok
1002	7	7	0	ok
1003	7	7	0	ok
1004	4	4	0	ok
1005	8	8	0	ok
1006	9	9	0	ok
1007	131	131	0	ok
1008	12	12	0	ok
1009	25	25	0	ok
1010	25	25	0	ok
1011	10	10	0	ok
1012	25	25	0	ok
1013	25	25	0	ok
1014	10	10	0	ok
1015	90	90	0	ok
1016	101	101	0	ok
1017	91	91	0	ok
1018	92	92	0	ok
1019	94	94	0	ok
1020	19	19	0	ok
1021	3	3	0	ok
1022	6	6	0	ok
1023	6	6	0	ok
1024	2	2	0	ok
1025	1	1	0	ok
1026	6	6	0	ok
1027	13	13	0	ok
1028	21	21	0	ok
1029	4	4	0	ok
1030	39	39	0	ok
1031	6	6	0	ok
1032	9	9	0	ok
1033	11	11	0	ok
1034	5	5	0	ok
1035	4	4	0	ok
1036	2	2	0	ok
1037	5	5	0	ok
1038	34	34	0	ok
1039	1	1	0	ok
1040	46	46	0	ok
1041	3	3	0	ok
1042	226	226	0	ok
1043	151	151	0	ok
1044	226	226	0	ok
1045	1	1	0	ok
1046	1	1	0	ok
1047	1	1	0	ok
1048	123	135	0	ok
1049	197	215	0	ok
1050	6	6	0	ok
1051	5	5	0	ok
1052	1	1	0	ok
1053	1	1	0	ok
1054	7	7	0	ok
1055	1	1	0	ok
1056	4	4	0	ok
1057	3	3	0	ok
1058	1	1	0	ok
1059	1	1	0	ok
1060	1	1	0	ok
1061	1	1	0	ok
1062	1	1	0	ok
1063	2	2	0	ok
1064	4	4	0	ok
1065	1	1	0	ok
1066	4	4	0	ok
1067	3	3	0	ok
1068	1	1	0	ok
1069	1	1	0	ok
1070	3	3	0	ok
1071	1	1	0	ok
1072	1	1	0	ok
1073	1	1	0	ok
1074	1	1	0	ok
1075	1	1	0	ok
1076	1	1	0	ok
1077	3	3	0	ok
1078	1	1	0	ok
1079	1	1	0	ok
1080	1	1	0	ok
1081	1	1	0	ok
1082	1	1	0	ok
1083	3	3	0	ok
1084	3	3	0	ok
1085	3	3	0	ok
1086	12	12	0	ok
1087	3	3	0	ok
1088	3	3	0	ok
1089	8	8	0	ok
1090	1	1	0	ok
1091	3	3	0	ok
1092	97	103	0	ok
1093	40	40	0	ok
1094	1	1	0	ok
1095	1	1	0	ok
1096	1	1	0	ok
1097	22	22	0	ok
1098	3	3	0	ok
1099	3	3	0	ok
1100	6	6	0	ok
1101	1	1	0	ok
1102	16	16	0	ok
1103	3	3	0	ok
1104	9	9	0	ok
1105	106	106	0	ok
1106	40	40	0	ok
1107	1	1	0	ok
1108	1	1	0	ok
1109	1	1	0	ok
1110	40	40	0	ok
1111	1	1	0	ok
1112	4	4	0	ok
1113	29	29	0	ok
1114	14	14	0	ok
1115	12	12	0	ok
1116	3	3	0	ok
1117	8	8	0	ok
1118	8	8	0	ok
1119	1	1	0	ok
1120	1	1	0	ok
1121	1961	5702	0	ok
1122	0	356	1	ok
1124	7860	8255	0	ok
1123	8255	8077	0	ok
1125	0	0	1	ok
1127	2325	2328	0	ok
1126	2328	2328	0	ok
1128	0	0	0	ok
1129	29	87	0	ok
1130	12	13	0	ok
1131	13	15	0	ok
1132	21	25	0	ok
1133	11	12	0	ok
1134	123	141	0	ok
1135	197	225	0	ok
1136	9	10	0	ok
1137	106	116	0	ok
1138	40	44	0	ok
1139	39	43	0	ok
1140	34	37	0	ok
1141	46	52	0	ok
1142	97	103	0	ok
1143	40	49	0	ok
1144	0	0	0	ok
1145	8547	8547	0	ok
1146	12	12	0	ok
1147	0	48	1	ok
1148	0	79979	1	ok
1149	16	12	0	ok
1150	4	4	0	ok
1151	5	3	0	ok
1152	0	48	1	ok
1153	0	36778	1	ok
1154	10	10	0	ok
1155	0	0	1	ok
1156	0	262806	1	ok
1157	0	0	1	ok
1158	11	8	0	ok
1159	3	3	0	ok
1160	4	3	0	ok
1161	0	80	1	ok
1162	0	8806	1	ok
1163	10	10	0	ok
1164	9	9	0	ok
1165	0	2	1	ok
1166	67282	6	0	ok
1167	67282	8	0	ok
1168	67282	1	0	ok
1169	67282	0	0	ok
1171	67282	9511	0	ok
1170	9511	8047	0	ok
1172	13	13	0	ok
1173	0	2	1	ok
1174	39432	6	0	ok
1175	39432	8	0	ok
1176	39432	1	0	ok
1177	39432	0	0	ok
1178	39432	0	0	ok
1179	0	0	0	ok
1180	20	10	0	ok
1181	0	0	1	ok
1182	26	15	0	ok
1183	0	0	1	ok
1184	8	8	0	ok
1185	0	0	0	ok
1186	0	7044	1	ok
1187	0	242722	1	ok
1188	20	10	0	ok
1189	26	15	0	ok
1190	15	3	0	ok
1191	3	3	0	ok
1192	4	4	0	ok
1193	4	3	0	ok
1194	95	89	0	ok
1195	219	201	0	ok
1196	402	326	0	ok
1197	165	137	0	ok
1198	39	37	0	ok
1199	0	9310	1	ok
1200	38960	12169	0	ok
1201	35365	7232	0	ok
1202	345	357	0	ok
1203	0	0	0	ok
1204	4	4	0	ok
1205	23	23	0	ok
1206	11	11	0	ok
1207	7	7	0	ok
1208	8	8	0	ok
1209	7	7	0	ok
1210	8	8	0	ok
1211	26	26	0	ok
1212	0	0	0	ok
1213	16	11	0	ok
1214	5	5	0	ok
1215	5	5	0	ok
1216	16	11	0	ok
1217	25	10	0	ok
1218	25	15	0	ok
1219	15	15	0	ok
1220	16	11	0	ok
1221	25	10	0	ok
1222	25	15	0	ok
1223	15	15	0	ok
1224	16	11	0	ok
1225	25	10	0	ok
1226	25	15	0	ok
1227	15	15	0	ok
1228	0	72	1	ok
1229	80	58	0	ok
1230	0	338	1	ok
1231	0	292	1	ok
1232	13	6	0	ok
1233	5	5	0	ok
1234	22464	134	0	ok
1235	15	5	0	ok
1236	15	9	0	ok
1237	15	5	0	ok
1238	15	9	0	ok
1239	15	5	0	ok
1240	15	9	0	ok
1241	15	5	0	ok
1242	15	9	0	ok
1243	0	72	1	ok
1244	0	325	1	ok
1245	25	25	0	ok
1246	17	17	0	ok
1247	24	24	0	ok
1248	16	16	0	ok
1249	22	22	0	ok
1250	14	14	0	ok
1251	22	22	0	ok
1252	14	14	0	ok
1253	22	22	0	ok
1254	14	14	0	ok
1255	23	23	0	ok
1256	15	15	0	ok
1257	24	24	0	ok
1258	16	16	0	ok
1259	22	22	0	ok
1260	14	14	0	ok
1261	22	22	0	ok
1262	14	14	0	ok
1263	0	1218	1	ok
1264	0	565	1	ok
1265	9344	7227	0	ok
1266	21	21	0	ok
1267	41	41	0	ok
1268	81	81	0	ok
1269	161	161	0	ok
1270	321	321	0	ok
1271	641	641	0	ok
1272	1281	1281	0	ok
1273	2561	2561	0	ok
1274	5121	5121	0	ok
1275	10241	10241	0	ok
1276	20481	20481	0	ok
1277	0	0	0	ok
1278	0	0	0	ok
1279	0	0	0	ok
1280	131	10	0	ok
1281	0	0	0	ok
1282	0	0	0	ok
1283	34	34	0	ok
1284	46	64	0	ok
1285	1	0	0	ok
1286	0	0	1	ok
1287	46	64	0	ok
1288	1	0	0	ok
1289	0	0	1	ok
1290	52	52	0	ok
1291	22	22	0	ok
1292	14	14	0	ok
1293	23	23	0	ok
1294	15	15	0	ok
1295	22	22	0	ok
1296	14	14	0	ok
1297	22	22	0	ok
1298	14	14	0	ok
1299	9	9	0	ok
1300	9	9	0	ok
1301	7	7	0	ok
1302	7	7	0	ok
1303	25	7	0	ok
1304	14	5	0	ok
1305	15	6	0	ok
1306	14	5	0	ok
1307	14	5	0	ok
1309	32912	9093	0	ok
1310	30042	4470	0	ok
1308	4470	6127	0	ok
1311	1344	1343	0	ok
1312	3	3	0	ok
1313	7	7	0	ok
1314	7	7	0	ok
1315	4	4	0	ok
1316	8	8	0	ok
1317	9	9	0	ok
1318	131	131	0	ok
1319	12	12	0	ok
1320	25	25	0	ok
1321	25	25	0	ok
1322	10	10	0	ok
1323	25	25	0	ok
1324	25	25	0	ok
1325	10	10	0	ok
1326	90	90	0	ok
1327	101	101	0	ok
1328	91	91	0	ok
1329	92	92	0	ok
1330	94	94	0	ok
1331	19	19	0	ok
1332	3	3	0	ok
1333	6	6	0	ok
1334	6	6	0	ok
1335	2	2	0	ok
1336	1	1	0	ok
1337	6	6	0	ok
1338	13	13	0	ok
1339	21	21	0	ok
1340	4	4	0	ok
1341	39	39	0	ok
1342	6	6	0	ok
1343	9	9	0	ok
1344	11	11	0	ok
1345	5	5	0	ok
1346	4	4	0	ok
1347	2	2	0	ok
1348	5	5	0	ok
1349	34	34	0	ok
1350	1	1	0	ok
1351	46	46	0	ok
1352	3	3	0	ok
1353	226	226	0	ok
1354	151	151	0	ok
1355	226	226	0	ok
1356	1	1	0	ok
1357	1	1	0	ok
1358	1	1	0	ok
1359	123	135	0	ok
1360	197	215	0	ok
1361	6	6	0	ok
1362	5	5	0	ok
1363	1	1	0	ok
1364	1	1	0	ok
1365	7	7	0	ok
1366	1	1	0	ok
1367	4	4	0	ok
1368	3	3	0	ok
1369	1	1	0	ok
1370	1	1	0	ok
1371	1	1	0	ok
1372	1	1	0	ok
1373	1	1	0	ok
1374	2	2	0	ok
1375	4	4	0	ok
1376	1	1	0	ok
1377	4	4	0	ok
1378	3	3	0	ok
1379	1	1	0	ok
1380	1	1	0	ok
1381	3	3	0	ok
1382	1	1	0	ok
1383	1	1	0	ok
1384	1	1	0	ok
1385	1	1	0	ok
1386	1	1	0	ok
1387	1	1	0	ok
1388	3	3	0	ok
1389	1	1	0	ok
1390	1	1	0	ok
1391	1	1	0	ok
1392	1	1	0	ok
1393	1	1	0	ok
1394	3	3	0	ok
1395	3	3	0	ok
1396	3	3	0	ok
1397	12	12	0	ok
1398	3	3	0	ok
1399	3	3	0	ok
1400	8	8	0	ok
1401	1	1	0	ok
1402	3	3	0	ok
1403	97	103	0	ok
1404	40	40	0	ok
1405	1	1	0	ok
1406	1	1	0	ok
1407	1	1	0	ok
1408	22	22	0	ok
1409	3	3	0	ok
1410	3	3	0	ok
1411	6	6	0	ok
1412	1	1	0	ok
1413	16	16	0	ok
1414	3	3	0	ok
1415	9	9	0	ok
1416	106	106	0	ok
1417	40	40	0	ok
1418	1	1	0	ok
1419	1	1	0	ok
1420	1	1	0	ok
1421	40	40	0	ok
1422	1	1	0	ok
1423	4	4	0	ok
1424	29	29	0	ok
1425	14	14	0	ok
1426	12	12	0	ok
1427	8	8	0	ok
1428	8	8	0	ok
1429	8	8	0	ok
1430	1	1	0	ok
1431	1	1	0	ok
1432	1657	4874	0	ok
1433	0	312	1	ok
1435	6282	6613	0	ok
1434	6613	6457	0	ok
1436	0	0	1	ok
1438	863	864	0	ok
1437	864	864	0	ok
1439	0	0	0	ok
1440	29	87	0	ok
1441	12	13	0	ok
1442	13	15	0	ok
1443	21	25	0	ok
1444	11	12	0	ok
1445	123	141	0	ok
1446	197	225	0	ok
1447	9	10	0	ok
1448	106	116	0	ok
1449	40	44	0	ok
1450	39	43	0	ok
1451	34	37	0	ok
1452	46	52	0	ok
1453	97	103	0	ok
1454	40	49	0	ok
1455	0	0	0	ok
1456	6927	6927	0	ok
1457	12	12	0	ok
1458	0	48	1	ok
1459	0	58865	1	ok
1460	11	8	0	ok
1461	3	3	0	ok
1462	4	3	0	ok
1463	0	80	1	ok
1464	0	7166	1	ok
1465	10	10	0	ok
1466	9	9	0	ok
1467	0	2	1	ok
1468	51642	6	0	ok
1469	51642	8	0	ok
1470	51642	1	0	ok
1471	51642	0	0	ok
1472	51642	4839	0	ok
1473	4839	4091	0	ok
1474	26	15	0	ok
1475	0	0	1	ok
1476	8	8	0	ok
1477	0	0	0	ok
1478	0	7044	1	ok
1479	0	242722	1	ok
1480	26	15	0	ok
1481	15	3	0	ok
1482	3	3	0	ok
1483	4	4	0	ok
1484	4	3	0	ok
1486	2880	5290	0	ok
1485	5290	5288	0	ok
1487	0	12987	1	ok
1488	33461	9320	0	ok
1489	30447	4470	0	ok
1490	0	0	0	ok
1491	4	4	0	ok
1492	23	23	0	ok
1493	11	11	0	ok
1494	7	7	0	ok
1495	8	8	0	ok
1496	7	7	0	ok
1497	8	8	0	ok
1498	26	26	0	ok
1499	0	0	0	ok
1500	16	11	0	ok
1501	5	5	0	ok
1502	5	5	0	ok
1503	16	11	0	ok
1504	25	10	0	ok
1505	25	15	0	ok
1506	15	15	0	ok
1507	16	11	0	ok
1508	25	10	0	ok
1509	25	15	0	ok
1510	15	15	0	ok
1511	16	11	0	ok
1512	25	10	0	ok
1513	25	15	0	ok
1514	15	15	0	ok
1515	0	72	1	ok
1516	80	58	0	ok
1517	0	341	1	ok
1518	0	295	1	ok
1519	13	6	0	ok
1520	5	5	0	ok
1521	22464	134	0	ok
1522	15	5	0	ok
1523	15	9	0	ok
1524	15	5	0	ok
1525	15	9	0	ok
1526	15	5	0	ok
1527	15	9	0	ok
1528	15	5	0	ok
1529	15	9	0	ok
1530	0	72	1	ok
1531	0	329	1	ok
1532	25	25	0	ok
1533	17	17	0	ok
1534	24	24	0	ok
1535	16	16	0	ok
1536	22	22	0	ok
1537	14	14	0	ok
1538	22	22	0	ok
1539	14	14	0	ok
1540	22	22	0	ok
1541	14	14	0	ok
1542	23	23	0	ok
1543	15	15	0	ok
1544	24	24	0	ok
1545	16	16	0	ok
1546	22	22	0	ok
1547	14	14	0	ok
1548	22	22	0	ok
1549	14	14	0	ok
1550	0	1222	1	ok
1551	0	569	1	ok
1552	9344	7227	0	ok
1553	21	21	0	ok
1554	41	41	0	ok
1555	81	81	0	ok
1556	161	161	0	ok
1557	321	321	0	ok
1558	641	641	0	ok
1559	1281	1281	0	ok
1560	2561	2561	0	ok
1561	5121	5121	0	ok
1562	10241	10241	0	ok
1563	20481	20481	0	ok
1564	0	0	0	ok
1565	0	0	0	ok
1566	0	0	0	ok
1567	131	10	0	ok
1568	0	0	0	ok
1569	0	0	0	ok
1570	34	34	0	ok
1571	46	64	0	ok
1572	1	0	0	ok
1573	0	0	1	ok
1574	46	64	0	ok
1575	1	0	0	ok
1576	0	0	1	ok
1577	0	1438	1	ok
1578	0	50170	1	ok
1579	0	50170	1	ok
1580	0	50170	1	ok
1581	0	50197	1	ok
1582	0	1625	1	ok
1583	22	22	0	ok
1584	14	14	0	ok
1585	23	23	0	ok
1586	15	15	0	ok
1587	22	22	0	ok
1588	14	14	0	ok
1589	22	22	0	ok
1590	14	14	0	ok
1591	21	21	0	ok
1592	13	13	0	ok
1593	24	24	0	ok
1594	16	16	0	ok
1595	22	22	0	ok
1596	14	14	0	ok
1597	22	22	0	ok
1598	14	14	0	ok
1599	25	25	0	ok
1600	17	17	0	ok
1601	21	21	0	ok
1602	13	13	0	ok
1603	16	16	0	ok
1604	0	2439	1	ok
1605	18	18	0	ok
1606	0	2459	1	ok
1607	19	19	0	ok
1608	0	2469	1	ok
1609	25	25	0	ok
1610	19	19	0	ok
1611	19	19	0	ok
1612	13	13	0	ok
1613	21	21	0	ok
1614	15	15	0	ok
1615	9	9	0	ok
1616	9	9	0	ok
1617	8	8	0	ok
1618	8	8	0	ok
1619	8	8	0	ok
1620	8	8	0	ok
1621	14	14	0	ok
1622	14	14	0	ok
1623	7	7	0	ok
1624	7	7	0	ok
1625	5	5	0	ok
1626	5	5	0	ok
1627	9	9	0	ok
1628	9	9	0	ok
1629	7	7	0	ok
1630	7	7	0	ok
1631	8	8	0	ok
1632	8	8	0	ok
1633	7	7	0	ok
1634	7	7	0	ok
1635	10	10	0	ok
1636	10	10	0	ok
1637	0	2638	1	ok
1638	0	1985	1	ok
1639	25	7	0	ok
1640	25	8	0	ok
1641	25	10	0	ok
1642	2	1	0	ok
1643	4	3	0	ok
1644	2	1	0	ok
1645	633	682	0	ok
1646	6	6	0	ok
1647	126	123	0	ok
1648	0	2151	1	ok
1649	0	2155	1	ok
1650	25	7	0	ok
1652	34530	10783	0	ok
1653	31501	5895	0	ok
1651	5895	8779	0	ok
1654	1344	1343	0	ok
1655	7	7	0	ok
1656	7	7	0	ok
1657	3	3	0	ok
1658	4	4	0	ok
1659	8	8	0	ok
1660	9	9	0	ok
1661	131	131	0	ok
1662	12	12	0	ok
1663	25	25	0	ok
1664	25	25	0	ok
1665	10	10	0	ok
1666	25	25	0	ok
1667	25	25	0	ok
1668	10	10	0	ok
1669	90	90	0	ok
1670	101	101	0	ok
1671	91	91	0	ok
1672	92	92	0	ok
1673	94	94	0	ok
1674	19	19	0	ok
1675	3	3	0	ok
1676	6	6	0	ok
1677	6	6	0	ok
1678	2	2	0	ok
1679	1	1	0	ok
1680	6	6	0	ok
1681	13	13	0	ok
1682	21	21	0	ok
1683	4	4	0	ok
1684	39	39	0	ok
1685	6	6	0	ok
1686	9	9	0	ok
1687	11	11	0	ok
1688	5	5	0	ok
1689	4	4	0	ok
1690	2	2	0	ok
1691	5	5	0	ok
1692	34	34	0	ok
1693	1	1	0	ok
1694	46	46	0	ok
1695	3	3	0	ok
1696	226	226	0	ok
1697	151	151	0	ok
1698	226	226	0	ok
1699	1	1	0	ok
1700	1	1	0	ok
1701	1	1	0	ok
1702	123	135	0	ok
1703	197	215	0	ok
1704	6	6	0	ok
1705	5	5	0	ok
1706	1	1	0	ok
1707	1	1	0	ok
1708	7	7	0	ok
1709	1	1	0	ok
1710	4	4	0	ok
1711	3	3	0	ok
1712	1	1	0	ok
1713	1	1	0	ok
1714	1	1	0	ok
1715	1	1	0	ok
1716	1	1	0	ok
1717	2	2	0	ok
1718	4	4	0	ok
1719	1	1	0	ok
1720	4	4	0	ok
1721	3	3	0	ok
1722	1	1	0	ok
1723	1	1	0	ok
1724	3	3	0	ok
1725	1	1	0	ok
1726	1	1	0	ok
1727	1	1	0	ok
1728	1	1	0	ok
1729	1	1	0	ok
1730	1	1	0	ok
1731	3	3	0	ok
1732	1	1	0	ok
1733	1	1	0	ok
1734	1	1	0	ok
1735	1	1	0	ok
1736	1	1	0	ok
1737	3	3	0	ok
1738	3	3	0	ok
1739	3	3	0	ok
1740	12	12	0	ok
1741	3	3	0	ok
1742	3	3	0	ok
1743	8	8	0	ok
1744	1	1	0	ok
1745	3	3	0	ok
1746	97	103	0	ok
1747	40	40	0	ok
1748	1	1	0	ok
1749	1	1	0	ok
1750	1	1	0	ok
1751	22	22	0	ok
1752	3	3	0	ok
1753	3	3	0	ok
1754	6	6	0	ok
1755	1	1	0	ok
1756	16	16	0	ok
1757	3	3	0	ok
1758	9	9	0	ok
1759	106	106	0	ok
1760	40	40	0	ok
1761	1	1	0	ok
1762	1	1	0	ok
1763	1	1	0	ok
1764	40	40	0	ok
1765	1	1	0	ok
1766	4	4	0	ok
1767	29	29	0	ok
1768	14	14	0	ok
1769	12	12	0	ok
1770	8	8	0	ok
1771	8	8	0	ok
1772	8	8	0	ok
1773	1	1	0	ok
1774	1	1	0	ok
1775	1719	5088	0	ok
1776	0	330	1	ok
1778	6297	6648	0	ok
1777	6648	6483	0	ok
1779	0	0	1	ok
1781	1882	1887	0	ok
1780	1887	1887	0	ok
1782	0	0	0	ok
1783	29	87	0	ok
1784	12	13	0	ok
1785	13	15	0	ok
1786	21	25	0	ok
1787	11	12	0	ok
1788	123	141	0	ok
1789	197	225	0	ok
1790	9	10	0	ok
1791	106	116	0	ok
1792	40	44	0	ok
1793	39	43	0	ok
1794	34	37	0	ok
1795	46	52	0	ok
1796	97	103	0	ok
1797	40	49	0	ok
1798	0	0	0	ok
1799	6953	6953	0	ok
1800	12	12	0	ok
1801	0	48	1	ok
1802	0	62581	1	ok
1803	16	12	0	ok
1804	4	4	0	ok
1805	5	3	0	ok
1806	0	48	1	ok
1807	0	31092	1	ok
1808	11	8	0	ok
1809	3	3	0	ok
1810	4	3	0	ok
1811	0	80	1	ok
1812	0	7166	1	ok
1813	10	10	0	ok
1814	9	9	0	ok
1815	0	2	1	ok
1816	58640	6	0	ok
1817	58640	8	0	ok
1818	58640	1	0	ok
1819	58640	0	0	ok
1820	58640	1479	0	ok
1821	1479	1223	0	ok
1822	13	13	0	ok
1823	0	2	1	ok
1824	32717	6	0	ok
1825	32717	8	0	ok
1826	32717	1	0	ok
1827	32717	0	0	ok
1828	32717	0	0	ok
1829	0	0	0	ok
1830	26	15	0	ok
1831	0	0	1	ok
1832	8	8	0	ok
1833	0	0	0	ok
1834	0	7044	1	ok
1835	0	242722	1	ok
1836	26	15	0	ok
1837	15	3	0	ok
1838	3	3	0	ok
1839	4	4	0	ok
1840	4	3	0	ok
1842	739	1499	0	ok
1841	1499	1497	0	ok
1843	0	9236	1	ok
1844	35079	11010	0	ok
1845	31906	5895	0	ok
1846	0	0	0	ok
1847	4	4	0	ok
1848	23	23	0	ok
1849	11	11	0	ok
1850	7	7	0	ok
1851	8	8	0	ok
1852	7	7	0	ok
1853	8	8	0	ok
1854	26	26	0	ok
1855	0	0	0	ok
1856	14	11	0	ok
1857	5	5	0	ok
1858	5	5	0	ok
1859	14	11	0	ok
1860	25	10	0	ok
1861	25	15	0	ok
1862	15	15	0	ok
1863	14	11	0	ok
1864	25	10	0	ok
1865	25	15	0	ok
1866	15	15	0	ok
1867	14	11	0	ok
1868	25	10	0	ok
1869	25	15	0	ok
1870	15	15	0	ok
1871	0	72	1	ok
1872	80	58	0	ok
1873	0	326	1	ok
1874	0	280	1	ok
1875	13	6	0	ok
1876	5	5	0	ok
1877	22464	134	0	ok
1878	15	5	0	ok
1879	15	9	0	ok
1880	15	5	0	ok
1881	15	9	0	ok
1882	15	5	0	ok
1883	15	9	0	ok
1884	15	5	0	ok
1885	15	9	0	ok
1886	0	72	1	ok
1887	0	309	1	ok
1888	25	25	0	ok
1889	17	17	0	ok
1890	24	24	0	ok
1891	16	16	0	ok
1892	22	22	0	ok
1893	14	14	0	ok
1894	22	22	0	ok
1895	14	14	0	ok
1896	22	22	0	ok
1897	14	14	0	ok
1898	23	23	0	ok
1899	15	15	0	ok
1900	24	24	0	ok
1901	16	16	0	ok
1902	22	22	0	ok
1903	14	14	0	ok
1904	22	22	0	ok
1905	14	14	0	ok
1906	0	1202	1	ok
1907	0	549	1	ok
1908	9344	7227	0	ok
1909	21	21	0	ok
1910	41	41	0	ok
1911	81	81	0	ok
1912	161	161	0	ok
1913	321	321	0	ok
1914	641	641	0	ok
1915	1281	1281	0	ok
1916	2561	2561	0	ok
1917	5121	5121	0	ok
1918	10241	10241	0	ok
1919	20481	20481	0	ok
1920	0	0	0	ok
1921	0	0	0	ok
1922	0	0	0	ok
1923	131	10	0	ok
1924	0	0	0	ok
1925	0	0	0	ok
1926	34	34	0	ok
1927	46	64	0	ok
1928	1	0	0	ok
1929	0	0	1	ok
1930	46	64	0	ok
1931	1	0	0	ok
1932	0	0	1	ok
1933	0	1418	1	ok
1934	0	878	1	ok
1935	0	931	1	ok
1936	25	39	0	ok
1937	0	50546	1	ok
1938	0	50546	1	ok
1939	0	50546	1	ok
1940	0	50573	1	ok
1941	22	22	0	ok
1942	14	14	0	ok
1943	22	22	0	ok
1944	14	14	0	ok
1945	22	22	0	ok
1946	14	14	0	ok
1947	23	23	0	ok
1948	15	15	0	ok
1949	22	22	0	ok
1950	14	14	0	ok
1951	21	21	0	ok
1952	13	13	0	ok
1953	25	25	0	ok
1954	17	17	0	ok
1955	22	22	0	ok
1956	14	14	0	ok
1957	22	22	0	ok
1958	14	14	0	ok
1959	20	20	0	ok
1960	12	12	0	ok
1961	24	24	0	ok
1962	16	16	0	ok
1963	18	18	0	ok
1964	12	12	0	ok
1965	16	16	0	ok
1966	0	2725	1	ok
1967	21	21	0	ok
1968	15	15	0	ok
1969	0	2094	1	ok
1970	5	5	0	ok
1971	5	5	0	ok
1972	7	7	0	ok
1973	7	7	0	ok
1974	7	7	0	ok
1975	7	7	0	ok
1976	8	8	0	ok
1977	8	8	0	ok
1978	8	8	0	ok
1979	8	8	0	ok
1980	7	7	0	ok
1981	7	7	0	ok
1982	7	7	0	ok
1983	7	7	0	ok
1984	10	10	0	ok
1985	10	10	0	ok
1986	9	9	0	ok
1987	9	9	0	ok
1989	33092	10145	0	ok
1990	29929	5587	0	ok
1988	5587	8192	0	ok
1991	1344	1343	0	ok
1992	7	7	0	ok
1993	7	7	0	ok
1994	3	3	0	ok
1995	4	4	0	ok
1996	8	8	0	ok
1997	9	9	0	ok
1998	131	131	0	ok
1999	12	12	0	ok
2000	25	25	0	ok
2001	25	25	0	ok
2002	10	10	0	ok
2003	25	25	0	ok
2004	25	25	0	ok
2005	10	10	0	ok
2006	90	90	0	ok
2007	101	101	0	ok
2008	91	91	0	ok
2009	92	92	0	ok
2010	94	94	0	ok
2011	19	19	0	ok
2012	3	3	0	ok
2013	6	6	0	ok
2014	6	6	0	ok
2015	2	2	0	ok
2016	1	1	0	ok
2017	6	6	0	ok
2018	13	13	0	ok
2019	21	21	0	ok
2020	4	4	0	ok
2021	39	39	0	ok
2022	6	6	0	ok
2023	9	9	0	ok
2024	11	11	0	ok
2025	5	5	0	ok
2026	4	4	0	ok
2027	2	2	0	ok
2028	5	5	0	ok
2029	34	34	0	ok
2030	1	1	0	ok
2031	46	46	0	ok
2032	3	3	0	ok
2033	226	226	0	ok
2034	151	151	0	ok
2035	226	226	0	ok
2036	1	1	0	ok
2037	1	1	0	ok
2038	1	1	0	ok
2039	123	135	0	ok
2040	197	215	0	ok
2041	6	6	0	ok
2042	5	5	0	ok
2043	1	1	0	ok
2044	1	1	0	ok
2045	7	7	0	ok
2046	1	1	0	ok
2047	4	4	0	ok
2048	3	3	0	ok
2049	1	1	0	ok
2050	1	1	0	ok
2051	1	1	0	ok
2052	1	1	0	ok
2053	1	1	0	ok
2054	2	2	0	ok
2055	4	4	0	ok
2056	1	1	0	ok
2057	4	4	0	ok
2058	3	3	0	ok
2059	1	1	0	ok
2060	1	1	0	ok
2061	3	3	0	ok
2062	1	1	0	ok
2063	1	1	0	ok
2064	1	1	0	ok
2065	1	1	0	ok
2066	1	1	0	ok
2067	1	1	0	ok
2068	3	3	0	ok
2069	1	1	0	ok
2070	1	1	0	ok
2071	1	1	0	ok
2072	1	1	0	ok
2073	1	1	0	ok
2074	3	3	0	ok
2075	3	3	0	ok
2076	3	3	0	ok
2077	12	12	0	ok
2078	3	3	0	ok
2079	3	3	0	ok
2080	8	8	0	ok
2081	1	1	0	ok
2082	3	3	0	ok
2083	97	103	0	ok
2084	40	40	0	ok
2085	1	1	0	ok
2086	1	1	0	ok
2087	1	1	0	ok
2088	22	22	0	ok
2089	3	3	0	ok
2090	3	3	0	ok
2091	6	6	0	ok
2092	1	1	0	ok
2093	16	16	0	ok
2094	3	3	0	ok
2095	9	9	0	ok
2096	106	106	0	ok
2097	40	40	0	ok
2098	1	1	0	ok
2099	1	1	0	ok
2100	1	1	0	ok
2101	40	40	0	ok
2102	1	1	0	ok
2103	4	4	0	ok
2104	29	29	0	ok
2105	14	14	0	ok
2106	12	12	0	ok
2107	8	8	0	ok
2108	8	8	0	ok
2109	8	8	0	ok
2110	1	1	0	ok
2111	1	1	0	ok
2112	1566	4692	0	ok
2113	0	312	1	ok
2115	5861	6188	0	ok
2114	6188	6032	0	ok
2116	0	0	1	ok
2118	1938	1952	0	ok
2117	1952	1952	0	ok
2119	0	0	0	ok
2120	29	87	0	ok
2121	12	13	0	ok
2122	13	15	0	ok
2123	21	25	0	ok
2124	11	12	0	ok
2125	123	141	0	ok
2126	197	225	0	ok
2127	9	10	0	ok
2128	106	116	0	ok
2129	40	44	0	ok
2130	39	43	0	ok
2131	34	37	0	ok
2132	46	52	0	ok
2133	97	103	0	ok
2134	40	49	0	ok
2135	0	0	0	ok
2136	6502	6502	0	ok
2137	11	11	0	ok
2138	0	0	1	ok
2139	0	484	1	ok
2140	0	0	1	ok
2141	12	12	0	ok
2142	0	48	1	ok
2143	0	206978	1	ok
2144	16	12	0	ok
2145	4	4	0	ok
2146	5	3	0	ok
2147	0	48	1	ok
2148	0	27163	1	ok
2149	11	8	0	ok
2150	3	3	0	ok
2151	4	3	0	ok
2152	0	80	1	ok
2153	0	7166	1	ok
2154	10	10	0	ok
2155	20	9	0	ok
2156	0	0	1	ok
2157	9	9	0	ok
2158	0	2	1	ok
2159	172726	6	0	ok
2160	172726	8	0	ok
2161	172726	1	0	ok
2162	172726	0	0	ok
2163	172726	3101	0	ok
2164	3101	2577	0	ok
2165	13	13	0	ok
2166	0	2	1	ok
2167	28710	6	0	ok
2168	28710	8	0	ok
2169	28710	1	0	ok
2170	28710	0	0	ok
2171	28710	0	0	ok
2172	0	0	0	ok
2173	26	15	0	ok
2174	0	0	1	ok
2175	8	8	0	ok
2176	0	0	0	ok
2177	0	7044	1	ok
2178	0	242722	1	ok
2179	20	9	0	ok
2180	26	15	0	ok
2181	15	3	0	ok
2182	3	3	0	ok
2183	4	4	0	ok
2184	4	3	0	ok
2186	4414	7144	0	ok
2185	7144	7142	0	ok
2187	0	14738	1	ok
2188	33641	10372	0	ok
2189	30334	5587	0	ok
2190	0	0	0	ok
2191	4	4	0	ok
2192	23	23	0	ok
2193	11	11	0	ok
2194	7	7	0	ok
2195	8	8	0	ok
2196	7	7	0	ok
2197	8	8	0	ok
2198	26	26	0	ok
2199	0	0	0	ok
2200	16	11	0	ok
2201	5	5	0	ok
2202	5	5	0	ok
2203	16	11	0	ok
2204	25	10	0	ok
2205	25	15	0	ok
2206	15	15	0	ok
2207	16	11	0	ok
2208	25	10	0	ok
2209	25	15	0	ok
2210	15	15	0	ok
2211	16	11	0	ok
2212	25	10	0	ok
2213	25	15	0	ok
2214	15	15	0	ok
2215	0	72	1	ok
2216	80	58	0	ok
2217	0	332	1	ok
2218	0	286	1	ok
2219	13	6	0	ok
2220	5	5	0	ok
2221	22464	134	0	ok
2222	15	5	0	ok
2223	15	9	0	ok
2224	15	5	0	ok
2225	15	9	0	ok
2226	15	5	0	ok
2227	15	9	0	ok
2228	15	5	0	ok
2229	15	9	0	ok
2230	0	72	1	ok
2231	0	317	1	ok
2232	25	25	0	ok
2233	17	17	0	ok
2234	24	24	0	ok
2235	16	16	0	ok
2236	22	22	0	ok
2237	14	14	0	ok
2238	22	22	0	ok
2239	14	14	0	ok
2240	22	22	0	ok
2241	14	14	0	ok
2242	23	23	0	ok
2243	15	15	0	ok
2244	24	24	0	ok
2245	16	16	0	ok
2246	22	22	0	ok
2247	14	14	0	ok
2248	22	22	0	ok
2249	14	14	0	ok
2250	0	1210	1	ok
2251	0	557	1	ok
2252	9344	7227	0	ok
2253	21	21	0	ok
2254	41	41	0	ok
2255	81	81	0	ok
2256	161	161	0	ok
2257	321	321	0	ok
2258	641	641	0	ok
2259	1281	1281	0	ok
2260	2561	2561	0	ok
2261	5121	5121	0	ok
2262	10241	10241	0	ok
2263	20481	20481	0	ok
2264	0	0	0	ok
2265	0	0	0	ok
2266	0	0	0	ok
2267	131	10	0	ok
2268	0	0	0	ok
2269	0	0	0	ok
2270	34	34	0	ok
2271	46	64	0	ok
2272	1	0	0	ok
2273	0	0	1	ok
2274	46	64	0	ok
2275	1	0	0	ok
2276	0	0	1	ok
2277	0	1426	1	ok
2278	0	1903	1	ok
2279	0	1428	1	ok
2280	0	775	1	ok
2282	30852	8477	0	ok
2283	28280	4441	0	ok
2281	4441	6062	0	ok
2284	1344	1343	0	ok
2285	7	7	0	ok
2286	7	7	0	ok
2287	3	3	0	ok
2288	4	4	0	ok
2289	8	8	0	ok
2290	9	9	0	ok
2291	131	131	0	ok
2292	12	12	0	ok
2293	25	25	0	ok
2294	25	25	0	ok
2295	10	10	0	ok
2296	25	25	0	ok
2297	25	25	0	ok
2298	10	10	0	ok
2299	90	90	0	ok
2300	101	101	0	ok
2301	91	91	0	ok
2302	92	92	0	ok
2303	94	94	0	ok
2304	19	19	0	ok
2305	3	3	0	ok
2306	6	6	0	ok
2307	6	6	0	ok
2308	2	2	0	ok
2309	1	1	0	ok
2310	6	6	0	ok
2311	13	13	0	ok
2312	21	21	0	ok
2313	4	4	0	ok
2314	39	39	0	ok
2315	6	6	0	ok
2316	9	9	0	ok
2317	11	11	0	ok
2318	5	5	0	ok
2319	4	4	0	ok
2320	2	2	0	ok
2321	5	5	0	ok
2322	34	34	0	ok
2323	1	1	0	ok
2324	46	46	0	ok
2325	3	3	0	ok
2326	226	226	0	ok
2327	151	151	0	ok
2328	226	226	0	ok
2329	1	1	0	ok
2330	1	1	0	ok
2331	1	1	0	ok
2332	123	135	0	ok
2333	197	215	0	ok
2334	6	6	0	ok
2335	5	5	0	ok
2336	1	1	0	ok
2337	1	1	0	ok
2338	7	7	0	ok
2339	1	1	0	ok
2340	4	4	0	ok
2341	3	3	0	ok
2342	1	1	0	ok
2343	1	1	0	ok
2344	1	1	0	ok
2345	1	1	0	ok
2346	1	1	0	ok
2347	2	2	0	ok
2348	4	4	0	ok
2349	1	1	0	ok
2350	4	4	0	ok
2351	3	3	0	ok
2352	1	1	0	ok
2353	1	1	0	ok
2354	3	3	0	ok
2355	1	1	0	ok
2356	1	1	0	ok
2357	1	1	0	ok
2358	1	1	0	ok
2359	1	1	0	ok
2360	1	1	0	ok
2361	3	3	0	ok
2362	1	1	0	ok
2363	1	1	0	ok
2364	1	1	0	ok
2365	1	1	0	ok
2366	1	1	0	ok
2367	3	3	0	ok
2368	3	3	0	ok
2369	3	3	0	ok
2370	12	12	0	ok
2371	3	3	0	ok
2372	3	3	0	ok
2373	8	8	0	ok
2374	1	1	0	ok
2375	3	3	0	ok
2376	97	103	0	ok
2377	40	40	0	ok
2378	1	1	0	ok
2379	1	1	0	ok
2380	1	1	0	ok
2381	22	22	0	ok
2382	3	3	0	ok
2383	3	3	0	ok
2384	6	6	0	ok
2385	1	1	0	ok
2386	16	16	0	ok
2387	3	3	0	ok
2388	9	9	0	ok
2389	106	106	0	ok
2390	40	40	0	ok
2391	1	1	0	ok
2392	1	1	0	ok
2393	1	1	0	ok
2394	40	40	0	ok
2395	1	1	0	ok
2396	4	4	0	ok
2397	29	29	0	ok
2398	14	14	0	ok
2399	12	12	0	ok
2400	8	8	0	ok
2401	8	8	0	ok
2402	8	8	0	ok
2403	1	1	0	ok
2404	1	1	0	ok
2405	1382	4134	0	ok
2406	0	274	1	ok
2408	5387	5676	0	ok
2407	5676	5539	0	ok
2409	0	0	1	ok
2411	697	698	0	ok
2410	698	698	0	ok
2412	0	0	0	ok
2413	29	87	0	ok
2414	12	13	0	ok
2415	13	15	0	ok
2416	21	25	0	ok
2417	11	12	0	ok
2418	123	141	0	ok
2419	197	225	0	ok
2420	9	10	0	ok
2421	106	116	0	ok
2422	40	44	0	ok
2423	39	43	0	ok
2424	34	37	0	ok
2425	46	52	0	ok
2426	97	103	0	ok
2427	40	49	0	ok
2428	0	0	0	ok
2429	6009	6009	0	ok
2430	12	12	0	ok
2431	0	48	1	ok
2432	0	40042	1	ok
2433	11	8	0	ok
2434	3	3	0	ok
2435	4	3	0	ok
2436	0	80	1	ok
2437	0	7166	1	ok
2438	11	11	0	ok
2439	9	9	0	ok
2440	0	2	1	ok
2441	40132	6	0	ok
2442	40132	8	0	ok
2443	40132	1	0	ok
2444	40132	0	0	ok
2445	40132	571	0	ok
2446	571	471	0	ok
2447	26	15	0	ok
2448	0	0	1	ok
2449	8	8	0	ok
2450	0	0	0	ok
2451	0	7044	1	ok
2452	0	242722	1	ok
2453	26	15	0	ok
2454	15	3	0	ok
2455	3	3	0	ok
2456	4	4	0	ok
2457	4	3	0	ok
2459	376	766	0	ok
2458	766	764	0	ok
2460	0	8481	1	ok
2461	31401	8704	0	ok
2462	28685	4441	0	ok
2463	0	0	0	ok
2464	4	4	0	ok
2465	23	23	0	ok
2466	11	11	0	ok
2467	7	7	0	ok
2468	8	8	0	ok
2469	7	7	0	ok
2470	8	8	0	ok
2471	26	26	0	ok
2472	0	0	0	ok
2473	16	11	0	ok
2474	5	5	0	ok
2475	5	5	0	ok
2476	16	11	0	ok
2477	25	10	0	ok
2478	25	15	0	ok
2479	15	15	0	ok
2480	16	11	0	ok
2481	25	10	0	ok
2482	25	15	0	ok
2483	15	15	0	ok
2484	16	11	0	ok
2485	25	10	0	ok
2486	25	15	0	ok
2487	15	15	0	ok
2488	0	72	1	ok
2489	80	58	0	ok
2490	0	323	1	ok
2491	0	277	1	ok
2492	13	6	0	ok
2493	5	5	0	ok
2494	22464	134	0	ok
2495	15	5	0	ok
2496	15	9	0	ok
2497	15	5	0	ok
2498	15	9	0	ok
2499	15	5	0	ok
2500	15	9	0	ok
2501	15	5	0	ok
2502	15	9	0	ok
2503	0	72	1	ok
2504	0	44	1	ok
2505	0	44	1	ok
2506	0	44	1	ok
2507	0	44	1	ok
2508	0	371	1	ok
2509	0	325	1	ok
2510	0	325	1	ok
2511	0	325	1	ok
2512	22464	134	0	ok
2513	15	5	0	ok
2514	15	9	0	ok
2515	15	5	0	ok
2516	15	9	0	ok
2517	15	5	0	ok
2518	15	9	0	ok
2519	15	5	0	ok
2520	15	9	0	ok
2521	0	305	1	ok
2522	25	25	0	ok
2523	17	17	0	ok
2524	24	24	0	ok
2525	16	16	0	ok
2526	22	22	0	ok
2527	14	14	0	ok
2528	22	22	0	ok
2529	14	14	0	ok
2530	22	22	0	ok
2531	14	14	0	ok
2532	23	23	0	ok
2533	15	15	0	ok
2534	24	24	0	ok
2535	16	16	0	ok
2536	22	22	0	ok
2537	14	14	0	ok
2538	22	22	0	ok
2539	14	14	0	ok
2540	0	1198	1	ok
2541	0	545	1	ok
2542	9344	7227	0	ok
2543	21	21	0	ok
2544	41	41	0	ok
2545	81	81	0	ok
2546	161	161	0	ok
2547	321	321	0	ok
2548	641	641	0	ok
2549	1281	1281	0	ok
2550	2561	2561	0	ok
2551	5121	5121	0	ok
2552	10241	10241	0	ok
2553	20481	20481	0	ok
2554	0	0	0	ok
2555	0	0	0	ok
2556	0	0	0	ok
2557	131	10	0	ok
2558	0	0	0	ok
2559	0	0	0	ok
2560	34	34	0	ok
2561	46	64	0	ok
2562	1	0	0	ok
2563	0	0	1	ok
2564	46	64	0	ok
2565	1	0	0	ok
2566	0	0	1	ok
2567	0	1414	1	ok
2568	0	50165	1	ok
2569	0	50165	1	ok
2570	0	50165	1	ok
2571	0	50192	1	ok
2572	22	22	0	ok
2573	14	14	0	ok
2574	23	23	0	ok
2575	15	15	0	ok
2576	22	22	0	ok
2577	14	14	0	ok
2578	22	22	0	ok
2579	14	14	0	ok
2580	25	25	0	ok
2581	0	1606	1	ok
2582	0	953	1	ok
2583	22	22	0	ok
2584	14	14	0	ok
2585	22	22	0	ok
2586	14	14	0	ok
2587	25	25	0	ok
2588	17	17	0	ok
2589	21	21	0	ok
2590	13	13	0	ok
2591	24	24	0	ok
2592	16	16	0	ok
2593	24	24	0	ok
2594	16	16	0	ok
2595	24	24	0	ok
2596	16	16	0	ok
2597	16	16	0	ok
2598	0	2276	1	ok
2599	19	19	0	ok
2600	13	13	0	ok
2601	20	20	0	ok
2602	14	14	0	ok
2603	16	16	0	ok
2604	0	2327	1	ok
2605	21	21	0	ok
2606	15	15	0	ok
2607	19	19	0	ok
2608	13	13	0	ok
2609	16	16	0	ok
2610	10	10	0	ok
2611	17	17	0	ok
2612	11	11	0	ok
2613	17	17	0	ok
2614	11	11	0	ok
2615	29	29	0	ok
2616	14	14	0	ok
2617	22	22	0	ok
2618	14	14	0	ok
2619	22	22	0	ok
2620	14	14	0	ok
2621	0	2595	1	ok
2622	0	1740	1	ok
2623	0	1740	1	ok
2624	7	7	0	ok
2625	7	7	0	ok
2626	5	5	0	ok
2627	5	5	0	ok
2628	5	5	0	ok
2629	5	5	0	ok
2630	7	7	0	ok
2631	7	7	0	ok
2632	8	8	0	ok
2633	8	8	0	ok
2634	25	25	0	ok
2635	16	11	0	ok
2636	25	10	0	ok
2637	25	15	0	ok
2638	15	15	0	ok
2639	29	27	0	ok
2640	25	23	0	ok
2642	50983	12224	0	ok
2643	32011	5646	0	ok
2641	5646	8125	0	ok
2644	1344	1343	0	ok
2645	7	7	0	ok
2646	7	7	0	ok
2647	3	3	0	ok
2648	4	4	0	ok
2649	8	8	0	ok
2650	9	9	0	ok
2651	131	131	0	ok
2652	12	12	0	ok
2653	25	25	0	ok
2654	25	25	0	ok
2655	10	10	0	ok
2656	25	25	0	ok
2657	25	25	0	ok
2658	10	10	0	ok
2659	90	90	0	ok
2660	101	101	0	ok
2661	91	91	0	ok
2662	92	92	0	ok
2663	94	94	0	ok
2664	19	19	0	ok
2665	3	3	0	ok
2666	6	6	0	ok
2667	6	6	0	ok
2668	2	2	0	ok
2669	1	1	0	ok
2670	6	6	0	ok
2671	13	13	0	ok
2672	21	21	0	ok
2673	4	4	0	ok
2674	39	39	0	ok
2675	6	6	0	ok
2676	9	9	0	ok
2677	11	11	0	ok
2678	5	5	0	ok
2679	4	4	0	ok
2680	2	2	0	ok
2681	5	5	0	ok
2682	34	34	0	ok
2683	1	1	0	ok
2684	46	46	0	ok
2685	3	3	0	ok
2686	226	226	0	ok
2687	151	151	0	ok
2688	226	226	0	ok
2689	1	1	0	ok
2690	1	1	0	ok
2691	1	1	0	ok
2692	123	135	0	ok
2693	197	215	0	ok
2694	6	6	0	ok
2695	5	5	0	ok
2696	1	1	0	ok
2697	1	1	0	ok
2698	7	7	0	ok
2699	1	1	0	ok
2700	4	4	0	ok
2701	3	3	0	ok
2702	1	1	0	ok
2703	1	1	0	ok
2704	1	1	0	ok
2705	1	1	0	ok
2706	1	1	0	ok
2707	2	2	0	ok
2708	4	4	0	ok
2709	1	1	0	ok
2710	4	4	0	ok
2711	3	3	0	ok
2712	1	1	0	ok
2713	1	1	0	ok
2714	3	3	0	ok
2715	1	1	0	ok
2716	1	1	0	ok
2717	1	1	0	ok
2718	1	1	0	ok
2719	1	1	0	ok
2720	1	1	0	ok
2721	3	3	0	ok
2722	1	1	0	ok
2723	1	1	0	ok
2724	1	1	0	ok
2725	1	1	0	ok
2726	1	1	0	ok
2727	3	3	0	ok
2728	3	3	0	ok
2729	3	3	0	ok
2730	12	12	0	ok
2731	3	3	0	ok
2732	3	3	0	ok
2733	8	8	0	ok
2734	1	1	0	ok
2735	3	3	0	ok
2736	97	103	0	ok
2737	40	40	0	ok
2738	1	1	0	ok
2739	1	1	0	ok
2740	1	1	0	ok
2741	22	22	0	ok
2742	3	3	0	ok
2743	3	3	0	ok
2744	6	6	0	ok
2745	1	1	0	ok
2746	16	16	0	ok
2747	3	3	0	ok
2748	9	9	0	ok
2749	106	106	0	ok
2750	40	40	0	ok
2751	1	1	0	ok
2752	1	1	0	ok
2753	1	1	0	ok
2754	40	40	0	ok
2755	1	1	0	ok
2756	4	4	0	ok
2757	29	29	0	ok
2758	14	14	0	ok
2759	12	12	0	ok
2760	8	8	0	ok
2761	8	8	0	ok
2762	8	8	0	ok
2763	1	1	0	ok
2764	1	1	0	ok
2765	1	1	0	ok
2766	1	1	0	ok
2767	1	1	0	ok
2768	1	1	0	ok
2769	1	1	0	ok
2770	1	1	0	ok
2771	1	1	0	ok
2772	4	4	0	ok
2773	39	39	0	ok
2774	46	46	0	ok
2775	1	1	0	ok
2776	1	1	0	ok
2777	1	1	0	ok
2778	1	1	0	ok
2779	1	1	0	ok
2780	1	1	0	ok
2781	1	1	0	ok
2782	3	3	0	ok
2783	3	3	0	ok
2784	1	1	0	ok
2785	1	1	0	ok
2786	3	3	0	ok
2787	1	1	0	ok
2788	1	1	0	ok
2789	1	1	0	ok
2790	1	1	0	ok
2791	1	1	0	ok
2792	1	1	0	ok
2793	1	1	0	ok
2794	1	1	0	ok
2795	1	1	0	ok
2796	1	1	0	ok
2797	1	1	0	ok
2798	1	1	0	ok
2799	3	3	0	ok
2800	3	3	0	ok
2801	3	3	0	ok
2802	12	12	0	ok
2803	3	3	0	ok
2804	3	3	0	ok
2805	8	8	0	ok
2806	1	1	0	ok
2807	3	3	0	ok
2808	1	1	0	ok
2809	1	1	0	ok
2810	1	1	0	ok
2811	1	1	0	ok
2812	1	1	0	ok
2813	1	1	0	ok
2814	1	1	0	ok
2815	1	1	0	ok
2816	1	1	0	ok
2817	1	1	0	ok
2818	1	1	0	ok
2819	1	1	0	ok
2820	6	20	0	ok
2821	1851	5402	0	ok
2822	0	340	1	ok
2824	6428	6787	0	ok
2823	6787	6617	0	ok
2825	0	0	1	ok
2827	1643	1644	0	ok
2826	1644	1644	0	ok
2828	0	0	0	ok
2829	29	87	0	ok
2830	12	13	0	ok
2831	13	15	0	ok
2832	21	25	0	ok
2833	11	12	0	ok
2834	123	141	0	ok
2835	197	225	0	ok
2836	9	10	0	ok
2837	106	116	0	ok
2838	40	44	0	ok
2839	39	43	0	ok
2840	34	37	0	ok
2841	46	52	0	ok
2842	97	103	0	ok
2843	40	49	0	ok
2844	39	43	0	ok
2845	46	52	0	ok
2846	0	0	0	ok
2847	7320	7320	0	ok
2848	12	12	0	ok
2849	0	48	1	ok
2850	0	155938	1	ok
2851	11	8	0	ok
2852	3	3	0	ok
2853	4	3	0	ok
2854	0	80	1	ok
2855	0	7169	1	ok
2856	10	10	0	ok
2857	9	9	0	ok
2858	0	2	1	ok
2859	139107	6	0	ok
2860	139107	8	0	ok
2861	139107	1	0	ok
2862	139107	0	0	ok
2863	139107	10328	0	ok
2864	10328	8792	0	ok
2865	26	15	0	ok
2866	0	0	1	ok
2867	8	8	0	ok
2868	0	0	0	ok
2869	0	7044	1	ok
2870	0	242722	1	ok
2871	26	15	0	ok
2872	15	3	0	ok
2873	3	3	0	ok
2874	4	4	0	ok
2875	4	3	0	ok
2877	364	734	0	ok
2876	734	732	0	ok
2878	0	8448	1	ok
2879	51532	12451	0	ok
2880	32416	5646	0	ok
