receipt	source	recorded_blake3	observed_blake3
bootstrap/evidence/early-native-gcc40-row-v2.json	bootstrap/gcc-4.0-musl-pass3.ncl	b301fb271cccfda7c3168ad4352f41c911c00518abe65bee7b605ff2d161fd84	b2ab77bf4e04a1ec53dc38855382f8fca9eb8d7e0de43e1209f47be06a38954f
bootstrap/evidence/early-native-gcc40-row-v2.json	bootstrap/gcc-4.0-musl-pass4.ncl	e1beeba2c729ddf1c0bc8a88624d5d1eca00f874006058f4fae1a37686cefabf	0454ca0a1640d76755a8310f10f17fa9c307f593b41c3566a6bb4f556a5d7dd6
bootstrap/evidence/early-native-gcc40-row-v2.json	bootstrap/gcc-4.0-musl-pass5.ncl	180ebdbc2066923fff80d58ba0570e3f01da9a8783656b5781895b479bf886f8	ba537f15ccce41f8fd1bebf22eee3f865ed0d5c57812eb8c8cb29a8ce5232251
bootstrap/evidence/early-native-gcc40-row-v2.json	bootstrap/gcc-4.0-musl-pass6.ncl	da48cce7f96b3fa62b1ec792f49beb777b859f1c733207187cee268b0d2bc8f8	f1af5f61884663e0f604f70072e2b660b5cb2df46a2bca3e8410d24b07167ed4
bootstrap/evidence/early-native-gcc40-row-v2.json	bootstrap/gcc-4.0-native.ncl	05ecf550794532757b79686e457acdf04e34305997247b82347009089aa41d6b	55b5884536163fa9cee595c3d8d0c205a718b540245436f951bf8b7d6b4cff67
bootstrap/evidence/early-native-gcc40-row-v2.json	bootstrap/musl-1.1.24-gcc.ncl	43ebfbddc2e5d4149b313bb1131f89e2738725c6fa4792e624b2c42c288a8bc3	7c52b45a8e25b3e24d190af16cb5a1530c6f3cfb2a1f96a07f001f913098ef49
bootstrap/evidence/early-native-gcc40-row-v2.json	bootstrap/musl-1.1.24-gcc-pass4.ncl	f2398ee1f9492858c7fe1dc7d6c84ceec46bf9ff2537c74ca09547e843936387	295525626c156d7e8226c5431287e5a64f6af8cd2321fc6a1255b1ca01e67ec6
bootstrap/evidence/early-native-gcc40-row-v2.json	bootstrap/musl-1.1.24-gcc-pass5.ncl	30c4726bde2b87b4e90a09783d4a177269d2708a8026e7eeda670107011e44dd	06376ea18218b94b8ec17af34d756648b04dbaacbed464cf90e099c04618ebc2
bootstrap/evidence/early-native-gcc40-row-v2.json	bootstrap/binutils-2.30-gcc.ncl	9d49d6c85cfedb04fa473cfb569c083bc4d79528bd36d5696f0489b275c3feca	f60d54cef2c4a8e6791cad8c835d59b24b7e71819b93379f81b48b5dc6bc5368
bootstrap/evidence/early-native-gcc40-row-v2.json	bootstrap/bison-3.4.1-gcc.ncl	6c053d3c24c39f659d04307e7c66433de970a227ec1d2c7e8171920781ca98d2	a89b8c74a7f7bcb46cfcb5750514dbb56cf696d1fada7325125b6fdb12472587
bootstrap/evidence/early-native-gcc40-row-v2.json	bootstrap/flex-2.6.4-gcc.ncl	5ad9d8a243fc28e0358709310a96085c16971e9ed3fa5a30cb92eb353ed99db2	940ec63060dbad2e91bb92e638a0525347d683e8172c797fa78c95729e52cea4
bootstrap/evidence/early-native-gcc40-row-v2.json	bootstrap/perl-5.6.2-configured-gcc.ncl	864885b7b26cf30b2bccf4c3cb8139ec615378e1b23f5295410fe09eba8b5979	e71030908b604faf8d15a8e9ef9db03f1e9efb371fb51e242c216fcbbb54204f
bootstrap/evidence/final-native-gcc47-row-v1.json	bootstrap/bison-3.4.1-gcc.ncl	6c053d3c24c39f659d04307e7c66433de970a227ec1d2c7e8171920781ca98d2	a89b8c74a7f7bcb46cfcb5750514dbb56cf696d1fada7325125b6fdb12472587
bootstrap/evidence/final-native-gcc47-row-v1.json	bootstrap/flex-2.6.4-gcc.ncl	5ad9d8a243fc28e0358709310a96085c16971e9ed3fa5a30cb92eb353ed99db2	940ec63060dbad2e91bb92e638a0525347d683e8172c797fa78c95729e52cea4
bootstrap/evidence/final-native-gcc47-row-v1.json	bootstrap/gmp-6.2.1.ncl	48f81b7f12b976fe2177167803db0da19e6fc4e62c91d7e750a302237796aa20	73fd2b4e143d6d3fd04f09bc48a7ec55928425cadca848b5f2ab1305badb7825
bootstrap/evidence/final-native-gcc47-row-v1.json	bootstrap/mpfr-4.1.0.ncl	1aaaf74d8ee2c5081f8b93e8626dddcc67d482bbd9acfbaa48f3364200538fc1	ac28ac3fe48d795c348a53961860f29fbeb8d323ffe220a4f5658e8c2c79e01b
bootstrap/evidence/final-native-gcc47-row-v1.json	bootstrap/mpc-1.2.1.ncl	80ce48d50ea383e387120034b08fa37b688f86eab28425450b0dfdf3314b4b90	c666ec7e79cb0a36a16c2299deb854f63ab9b539d75e27fc676c36c20e32882e
bootstrap/evidence/final-native-musl-binutils-row-v1.json	bootstrap/musl-full.ncl	a7af2d3324177576d7463ecc288b0e680eefaeae97910ec1609add17e90164e3	052af1e98a411e5eba9d8e4633c85f7c8d7817fa6111a397d4dc688fa97d1c71
bootstrap/evidence/final-native-musl-binutils-row-v1.json	bootstrap/binutils-full.ncl	dad4892dd2c2c1c2e044f36be1f30001b1ffe4a83795743b686901cc3797d04d	cc696044108ccb159baeeb8ba5d0404ff5c559d26b5b7428e0cdf778ca098102
