planned:bash-full-materialization:exec:bash-full-smoke:bash-full	7624
planned:binutils-canonicalizer-materialization:exec:binutils-helper:elf-canonicalizer	941
planned:binutils-generator-materialization:exec:binutils-component:bfd-chew	47
planned:binutils-generator-materialization:exec:binutils-generated:bfd-a-out	2
planned:binutils-generator-materialization:exec:binutils-generated:bfd-conftest-daae	2
planned:binutils-generator-materialization:exec:binutils-generated:bfd-conftest-e5e6	8
planned:binutils-generator-materialization:exec:binutils-generated:binutils-a-out	1
planned:binutils-generator-materialization:exec:binutils-generated:binutils-conftest	2
planned:binutils-generator-materialization:exec:binutils-generated:binutils-sysinfo	1
planned:binutils-generator-materialization:exec:binutils-generated:gas-a-out	1
planned:binutils-generator-materialization:exec:binutils-generated:gprof-a-out	1
planned:binutils-generator-materialization:exec:binutils-generated:intl-a-out	1
planned:binutils-generator-materialization:exec:binutils-generated:intl-conftest-5572	1
planned:binutils-generator-materialization:exec:binutils-generated:intl-conftest-daae	1
planned:binutils-generator-materialization:exec:binutils-generated:ld-a-out	1
planned:binutils-generator-materialization:exec:binutils-generated:ld-conftest	1
planned:binutils-generator-materialization:exec:binutils-generated:libiberty-a-out	1
planned:binutils-generator-materialization:exec:binutils-generated:libiberty-conftest-6800	1
planned:binutils-generator-materialization:exec:binutils-generated:libiberty-conftest-6dfb	1
planned:binutils-generator-materialization:exec:binutils-generated:libiberty-conftest-7dae	1
planned:binutils-generator-materialization:exec:binutils-generated:libiberty-conftest-b9cf	1
planned:binutils-generator-materialization:exec:binutils-generated:libiberty-conftest-daae	1
planned:binutils-generator-materialization:exec:binutils-generated:libiberty-conftest-e5e6	3
planned:binutils-generator-materialization:exec:binutils-generated:opcodes-a-out	1
planned:binutils-generator-materialization:exec:binutils-generated:opcodes-i386-gen	1
planned:binutils-generator-materialization:exec:binutils-generated:zlib-a-out	1
planned:binutils-generator-materialization:exec:binutils-generated:zlib-conftest	1
planned:binutils-helper-materialization:exec:binutils-helper:configure-utility	4913
planned:binutils-helper-materialization:exec:binutils-helper:sed-launcher	4902
planned:binutils-helper-materialization:exec:binutils-helper:ylwrap-runner	24
planned:binutils-install-materialization:exec:binutils-smoke:ar	3
planned:binutils-install-materialization:exec:binutils-smoke:as	2
planned:binutils-install-materialization:exec:binutils-smoke:ld	2
planned:binutils-install-materialization:exec:binutils-smoke:nm	1
planned:binutils-install-materialization:exec:binutils-smoke:objcopy	1
planned:binutils-install-materialization:exec:binutils-smoke:objdump	1
planned:binutils-install-materialization:exec:binutils-smoke:positive	1
planned:binutils-install-materialization:exec:binutils-smoke:ranlib	1
planned:binutils-install-materialization:exec:binutils-smoke:readelf	1
planned:bison-materialization:exec:bison-smoke:bison	9
planned:coreutils-materialization:exec:binutils-policy:coreutils-basename	359
planned:coreutils-materialization:exec:binutils-policy:coreutils-chmod	993
planned:coreutils-materialization:exec:binutils-policy:coreutils-dirname	1267
planned:coreutils-materialization:exec:binutils-policy:coreutils-expr	364
planned:coreutils-materialization:exec:binutils-policy:coreutils-head	4892
planned:coreutils-materialization:exec:binutils-policy:coreutils-install	175
planned:coreutils-materialization:exec:binutils-policy:coreutils-ln	45
planned:coreutils-materialization:exec:binutils-policy:coreutils-ls	28
planned:coreutils-materialization:exec:binutils-policy:coreutils-mv	429
planned:coreutils-materialization:exec:binutils-policy:coreutils-rm	8280
planned:coreutils-materialization:exec:binutils-policy:coreutils-rmdir	4946
planned:coreutils-materialization:exec:binutils-policy:coreutils-sort	36
planned:coreutils-materialization:exec:binutils-policy:coreutils-touch	678
planned:coreutils-materialization:exec:binutils-policy:coreutils-tr	23
planned:coreutils-materialization:exec:binutils-policy:coreutils-wc	10532
planned:coreutils-materialization:exec:coreutils-smoke:cat	9630
planned:coreutils-materialization:exec:coreutils-smoke:cp	104
planned:coreutils-materialization:exec:coreutils-smoke:echo	17
planned:coreutils-materialization:exec:coreutils-smoke:mkdir	5366
planned:diffutils-materialization:exec:diffutils-smoke:cmp	36
planned:diffutils-materialization:exec:diffutils-smoke:diff	107
planned:flex-materialization:exec:flex-smoke:flex	7
planned:gawk-materialization:exec:gawk-smoke:gawk	52
planned:grep-materialization:exec:grep-smoke:grep	560
planned:m4-materialization:exec:m4-smoke:m4	15
planned:make-materialization:exec:make-smoke:make	104
planned:sed-materialization:exec:sed-smoke:sed	5017
planned:tcc-musl-v2-materialization:exec:tcc-musl-v2-smoke:tcc	1423
