index=769	unit=native:870d724aaabc5c8f4a4015a859226c09cd81e49a29e7143a0d01f687837541c9:registry+https://github.com/rust-lang/crates.io-index#petgraph@0.7.1:petgraph:lib:build	action=1836cdcaa955e60f5c048ebd0263b623e69f3a275b1b3590f3039ad876926584	package:registry+https://github.com/rust-lang/crates.io-index#petgraph@0.7.1	target:x86_64-unknown-linux-musl:petgraph
index=770	unit=native:a52abad17c769ea4d43baa00fde3b6b6f5f676a1ec553bbab871d8ca13d7b94b:path+native#mantle@0.1.0:mantle:bin:build	action=09aae109c3ac264ad4cffd1a7e77bfffd2f435bc0c74bdfa94dc083e13961914	package:path+native#mantle@0.1.0	target:x86_64-unknown-linux-musl:mantle
index=771	unit=native:a8fd784dd6925f549d199daa44f0c8f3f1148ab3427a7df8032267ecbe713984:registry+https://github.com/rust-lang/crates.io-index#heck@0.4.1:heck:lib:build	action=5ee507dabc57667c94c210592c7c788855503d8e84d61932fa28ea3433c71f6f	package:registry+https://github.com/rust-lang/crates.io-index#heck@0.4.1	target:x86_64-unknown-linux-musl:heck
index=772	unit=native:ad7e60525fdf9eb0db96705795464ce27d5ed3af641a672d745afd74c58ab364:registry+https://github.com/rust-lang/crates.io-index#pkg-config@0.3.32:pkg_config:lib:build	action=d9645627252cdbcfc0c9df8b09ce738bd496605c49f4fb7ba1375801a4ac48a2	package:registry+https://github.com/rust-lang/crates.io-index#pkg-config@0.3.32	target:x86_64-unknown-linux-musl:pkg_config
index=773	unit=native:af6a7f69d84f6e1a533448ff1392fba6a3acd4d543055ff5999feddf5afb26aa:registry+https://github.com/rust-lang/crates.io-index#synstructure@0.13.2:synstructure:lib:build	action=839e20e23f51c2e58a9b404449714373a60392bb7ddc2132ff219e53464c23aa	package:registry+https://github.com/rust-lang/crates.io-index#synstructure@0.13.2	target:x86_64-unknown-linux-musl:synstructure
index=774	unit=native:b0bd097fc6a9d4ef326b7ee7184160d2fd74d56ccf75413ec9a642002048825b:path+native#crunch-spacewasm-core@0.1.0:crunch-spacewasm-core:lib:build	action=3aa5b0563c270a6658e9dc05566fd274a2ea04ac2001da7d1cce09d7e8cda7da	package:path+native#crunch-spacewasm-core@0.1.0	target:x86_64-unknown-linux-musl:crunch-spacewasm-core
index=775	unit=native:d0cd4a1a3086d04c6ead5b4f08637407cb3be8f084dfcc4a56ae9d603a603ae8:registry+https://github.com/rust-lang/crates.io-index#phf_shared@0.11.3:phf_shared:lib:build	action=8fc1a11d5e4a043e544b32bc73b9136dd5a0ae2e37e7037ca368e8fd868f8fe3	package:registry+https://github.com/rust-lang/crates.io-index#phf_shared@0.11.3	target:x86_64-unknown-linux-musl:phf_shared
index=776	unit=native:e98dee584e8b410db6f7906ff0f1dab68d7164f6826b5c65c9c768b65220285f:registry+https://github.com/rust-lang/crates.io-index#precomputed-hash@0.1.1:precomputed-hash:lib:build	action=a2f1df99158d89765e043e5d157423329592ec755b8ff71faf1ad1818baf544a	package:registry+https://github.com/rust-lang/crates.io-index#precomputed-hash@0.1.1	target:x86_64-unknown-linux-musl:precomputed-hash
index=777	unit=native:b4474fd0f0e006df98d04619c8bf3f1c9734c78c9665380d2986f0f3a9ffaa2f:registry+https://github.com/rust-lang/crates.io-index#string_cache@0.8.9:string_cache:lib:build	action=fbeb7a034ef28274c065ba4da10440b78a341bdfe006ed2b326290753da6338e	package:registry+https://github.com/rust-lang/crates.io-index#string_cache@0.8.9	target:x86_64-unknown-linux-musl:string_cache
index=778	unit=native:b6c27fd8ef9e9d043ea150b46d059a2a3da376ec4deb1c11ad1752023d556bb5:registry+https://github.com/rust-lang/crates.io-index#pico-args@0.5.0:pico-args:lib:build	action=257cc06c975fecdf8db4f456cd3ea565b1012eb44b4feb472a0cfd395cef0d6a	package:registry+https://github.com/rust-lang/crates.io-index#pico-args@0.5.0	target:x86_64-unknown-linux-musl:pico-args
index=779	unit=native:bc96dcd8d47538c013033cd1a0279f2ef2593db942b6a7bda2df73523248e89d:registry+https://github.com/rust-lang/crates.io-index#sha3@0.10.8:sha3:lib:build	action=8a235fb93c2a146eed3b35c52bf587123e60842932b7a69805ec4ed018e5167a	package:registry+https://github.com/rust-lang/crates.io-index#sha3@0.10.8	target:x86_64-unknown-linux-musl:sha3
index=780	unit=native:c89f451652b9932b88c83f59a1da67f15fa247476b21d164ec86b02e9fe1dc13:registry+https://github.com/rust-lang/crates.io-index#logos-codegen@0.15.1:logos_codegen:lib:build	action=ec257f0380b33132bd12856e4be31f899082dc1c2b40ce35624e21eb3751662f	package:registry+https://github.com/rust-lang/crates.io-index#logos-codegen@0.15.1	target:x86_64-unknown-linux-musl:logos_codegen
index=781	unit=native:ca261fcf507f9f7c3ee00069ff29dbf4a8830df3fcd7ba16e93e7309c24626ed:registry+https://github.com/rust-lang/crates.io-index#lalrpop@0.22.2:lalrpop:lib:build	action=c95340a3bbcc6b7bed7ebf22c5ad8d7af6fc0dbf34036f4c57e3b5a2f0ea3125	package:registry+https://github.com/rust-lang/crates.io-index#lalrpop@0.22.2	target:x86_64-unknown-linux-musl:lalrpop
index=782	unit=native:cd68da83fe3f549e3fa3361088362afc9a8b94cf6e6e1c030634e59e37c1812e:path+native#crunch-rustc-wrapper@0.1.0:mantle-rustc-manifest:bin:build	action=db67d2cb93e983af950191667ffd06e39f8d031d1aca179035e0fe98ae6d46d9	package:path+native#crunch-rustc-wrapper@0.1.0	target:x86_64-unknown-linux-musl:mantle-rustc-manifest
index=783	unit=native:d52876c266e00bf9c5e91f9fb95e955320c4fed5c5eddb73e81387da14ba05e8:path+native#crunch-spacewasm@0.1.0:crunch-spacewasm:lib:build	action=5b1c3e1234f1090bce4f9eb4319d21ee8d0dca727f92556a3fda2343d6966cde	package:path+native#crunch-spacewasm@0.1.0	target:x86_64-unknown-linux-musl:crunch-spacewasm
index=784	unit=native:e586da0cb75e31966a4ea326becab87f2929d3df21889aadfada73a58589833c:registry+https://github.com/rust-lang/crates.io-index#darling_core@0.23.0:darling_core:lib:build	action=d49417a76433368937cdea9ba2da6e9bdf6ed5c9a507b7bbecfebdba4dc648f3	package:registry+https://github.com/rust-lang/crates.io-index#darling_core@0.23.0	target:x86_64-unknown-linux-musl:darling_core
index=785	unit=native:e6ba11b181ae0541ca5502ef4a4e61da1b376edd462182905e8d7bc28e00770c:registry+https://github.com/rust-lang/crates.io-index#derive_builder_core@0.20.2:derive_builder_core:lib:build	action=b724e2b7bded33d0083366c57e99895f54c5e0f509f80102e645c9df50f0282f	package:registry+https://github.com/rust-lang/crates.io-index#derive_builder_core@0.20.2	target:x86_64-unknown-linux-musl:derive_builder_core
index=786	unit=native:f0f6a99874cb1c6f8c248f1bc843d20fe185beae6b6efe6f1b2f0c3e04a7db02:path+native#crunch-spacewasm@0.1.0:mantle-spacewasm-reference:bin:build	action=8b260d6c600d3f4fecd7af0b97f3dee3d74a7137ab688c5570824fb00bf734a9	package:path+native#crunch-spacewasm@0.1.0	target:x86_64-unknown-linux-musl:mantle-spacewasm-reference
index=787	unit=native:f18bb5998675da8e30ebfc32012c249d622a91eaf37397933de74064c9aa9782:path+native#crunch-rustc-wrapper@0.1.0:mantle-rust-cache-daemon:bin:build	action=9b87744fe53865422b6a2d92f5ca37a43c89729d7cd233ed275ce95de2b6684c	package:path+native#crunch-rustc-wrapper@0.1.0	target:x86_64-unknown-linux-musl:mantle-rust-cache-daemon
index=788	unit=native:fe7c370695fd8bba06274bd0040c9947cb009f8e61ca72f5c2c3e9d0363fa361:registry+https://github.com/rust-lang/crates.io-index#darling@0.23.0:darling:lib:build	action=7adf798ca41ff71216dff799b2545b99eb18744f485f4be32f00615a58786068	package:registry+https://github.com/rust-lang/crates.io-index#darling@0.23.0	target:x86_64-unknown-linux-musl:darling
