1	96	11	0	ok
2	5	5	0	ok
3	5	5	0	ok
5	17	19	0	ok
4	19	18	0	ok
6	17	0	1	rejected:mixed-input-authority
7	0	0	0	ok
8	4	4	0	ok
9	23	23	0	ok
10	11	11	0	ok
11	7	7	0	ok
12	8	8	0	ok
13	7	7	0	ok
14	8	8	0	ok
15	26	26	0	ok
16	0	0	0	ok
17	5	5	0	ok
18	0	72	1	ok
19	80	58	0	ok
20	0	308	1	ok
21	0	262	1	ok
22	16	11	0	ok
23	5	5	0	ok
24	5	5	0	ok
25	16	11	0	ok
26	25	10	0	ok
27	25	15	0	ok
28	15	15	0	ok
29	16	11	0	ok
30	25	10	0	ok
31	25	15	0	ok
32	15	15	0	ok
33	0	242	1	ok
34	25	25	0	ok
35	17	17	0	ok
36	24	24	0	ok
37	16	16	0	ok
38	22	22	0	ok
39	14	14	0	ok
40	22	22	0	ok
41	14	14	0	ok
42	22	22	0	ok
43	14	14	0	ok
44	23	23	0	ok
45	15	15	0	ok
46	24	24	0	ok
47	16	16	0	ok
48	22	22	0	ok
49	14	14	0	ok
50	22	22	0	ok
51	14	14	0	ok
52	0	1192	1	ok
53	0	1193	1	ok
54	22	22	0	ok
55	14	14	0	ok
56	22	22	0	ok
57	14	14	0	ok
58	0	1752	1	ok
59	25	7	0	ok
60	25	8	0	ok
61	25	10	0	ok
62	2	1	0	ok
63	4	3	0	ok
64	2	1	0	ok
65	633	682	0	ok
66	6	6	0	ok
67	126	123	0	ok
68	20	20	0	ok
69	0	1456	1	ok
70	0	803	1	ok
71	22	22	0	ok
72	14	14	0	ok
73	22	22	0	ok
74	14	14	0	ok
75	24	24	0	ok
76	16	16	0	ok
77	22	22	0	ok
78	14	14	0	ok
79	22	22	0	ok
80	14	14	0	ok
81	22	22	0	ok
82	14	14	0	ok
83	22	22	0	ok
84	14	14	0	ok
85	22	22	0	ok
86	14	14	0	ok
87	25	25	0	ok
88	17	17	0	ok
89	25	25	0	ok
90	19	19	0	ok
91	26	26	0	ok
92	20	20	0	ok
93	25	25	0	ok
94	19	19	0	ok
95	18	18	0	ok
96	12	12	0	ok
97	19	19	0	ok
98	13	13	0	ok
99	19	19	0	ok
100	13	13	0	ok
101	18	18	0	ok
102	12	12	0	ok
103	18	18	0	ok
104	12	12	0	ok
105	19	19	0	ok
106	13	13	0	ok
107	18	18	0	ok
108	12	12	0	ok
109	18	18	0	ok
110	12	12	0	ok
111	18	18	0	ok
112	12	12	0	ok
113	21	21	0	ok
114	15	15	0	ok
115	18	18	0	ok
116	12	12	0	ok
117	22	22	0	ok
118	16	16	0	ok
119	18	18	0	ok
120	12	12	0	ok
121	19	19	0	ok
122	13	13	0	ok
123	19	19	0	ok
124	13	13	0	ok
125	24	24	0	ok
126	0	2694	1	ok
127	28	28	0	ok
128	0	2734	1	ok
129	23	23	0	ok
130	0	2684	1	ok
131	25	25	0	ok
132	19	19	0	ok
133	0	1706	1	ok
134	0	1710	1	ok
135	272	4	0	ok
137	23010	6717	0	ok
138	21183	4247	0	ok
136	4247	6374	0	ok
139	1340	1339	0	ok
140	920	2760	0	ok
141	0	184	1	ok
142	3567	3763	0	ok
143	3763	3671	0	ok
144	0	0	1	ok
146	1659	1654	0	ok
145	1654	1654	0	ok
147	0	0	0	ok
148	29	87	0	ok
149	0	0	0	ok
150	4141	4141	0	ok
151	12	12	0	ok
152	0	28	1	ok
153	0	6331	1	ok
154	15	15	0	ok
155	0	0	1	ok
156	0	316	1	ok
157	0	0	1	ok
158	12	12	0	ok
159	23528	6916	0	ok
160	21557	4247	0	ok
161	0	0	0	ok
162	4	4	0	ok
163	23	23	0	ok
164	11	11	0	ok
165	7	7	0	ok
166	8	8	0	ok
167	7	7	0	ok
168	8	8	0	ok
169	26	26	0	ok
170	0	0	0	ok
171	16	11	0	ok
172	5	5	0	ok
173	5	5	0	ok
174	16	11	0	ok
175	25	10	0	ok
176	25	15	0	ok
177	15	15	0	ok
178	16	11	0	ok
179	25	10	0	ok
180	25	15	0	ok
181	15	15	0	ok
182	0	72	1	ok
183	80	58	0	ok
184	0	308	1	ok
185	0	262	1	ok
186	0	242	1	ok
187	25	25	0	ok
188	17	17	0	ok
189	24	24	0	ok
190	16	16	0	ok
191	22	22	0	ok
192	14	14	0	ok
193	22	22	0	ok
194	14	14	0	ok
195	22	22	0	ok
196	14	14	0	ok
197	23	23	0	ok
198	15	15	0	ok
199	24	24	0	ok
200	16	16	0	ok
201	22	22	0	ok
202	14	14	0	ok
203	22	22	0	ok
204	14	14	0	ok
205	0	1135	1	ok
206	0	482	1	ok
207	26	26	0	ok
208	29	29	0	ok
209	39	39	0	ok
210	36	36	0	ok
211	43	43	0	ok
212	38	38	0	ok
213	131	131	0	ok
214	0	704	1	ok
215	0	757	1	ok
216	24	24	0	ok
217	16	16	0	ok
218	25	25	0	ok
219	17	17	0	ok
220	22	22	0	ok
221	14	14	0	ok
222	22	22	0	ok
223	14	14	0	ok
224	22	22	0	ok
225	14	14	0	ok
226	22	22	0	ok
227	14	14	0	ok
228	22	22	0	ok
229	14	14	0	ok
230	23	23	0	ok
231	15	15	0	ok
232	24	24	0	ok
233	16	16	0	ok
234	20	20	0	ok
235	12	12	0	ok
236	28	28	0	ok
237	20	20	0	ok
238	24	24	0	ok
239	16	16	0	ok
240	24	24	0	ok
241	16	16	0	ok
242	21	21	0	ok
243	13	13	0	ok
244	22	22	0	ok
245	14	14	0	ok
246	25	25	0	ok
247	0	1023	1	ok
248	25	25	0	ok
249	0	1023	1	ok
250	27	27	0	ok
251	19	19	0	ok
252	35	35	0	ok
253	0	1064	1	ok
254	25	25	0	ok
255	0	1054	1	ok
256	26	26	0	ok
257	0	1055	1	ok
258	29	29	0	ok
259	0	1058	1	ok
260	22	22	0	ok
261	14	14	0	ok
262	25	25	0	ok
263	17	17	0	ok
264	23	23	0	ok
265	0	1107	1	ok
266	25	25	0	ok
267	17	17	0	ok
268	0	1987	1	ok
269	0	2081	1	ok
270	0	2108	1	ok
271	0	2133	1	ok
272	0	2158	1	ok
273	20	20	0	ok
274	14	14	0	ok
275	18	18	0	ok
276	12	12	0	ok
277	20	20	0	ok
278	14	14	0	ok
279	16	16	0	ok
280	10	10	0	ok
281	17	17	0	ok
282	11	11	0	ok
283	19	19	0	ok
284	13	13	0	ok
285	17	17	0	ok
286	11	11	0	ok
287	18	18	0	ok
288	12	12	0	ok
289	17	17	0	ok
290	11	11	0	ok
291	15	15	0	ok
292	9	9	0	ok
293	18	18	0	ok
294	12	12	0	ok
295	23	23	0	ok
296	0	2877	1	ok
297	24	24	0	ok
298	18	18	0	ok
299	17	17	0	ok
300	11	11	0	ok
301	18	18	0	ok
302	12	12	0	ok
303	18	18	0	ok
304	12	12	0	ok
305	18	18	0	ok
306	12	12	0	ok
307	18	18	0	ok
308	12	12	0	ok
309	18	18	0	ok
310	12	12	0	ok
311	19	19	0	ok
312	13	13	0	ok
313	19	19	0	ok
314	13	13	0	ok
315	18	18	0	ok
316	12	12	0	ok
317	20	20	0	ok
318	14	14	0	ok
319	18	18	0	ok
320	12	12	0	ok
321	18	18	0	ok
322	12	12	0	ok
323	18	18	0	ok
324	12	12	0	ok
325	18	18	0	ok
326	12	12	0	ok
327	18	18	0	ok
328	12	12	0	ok
329	20	20	0	ok
330	14	14	0	ok
331	22	22	0	ok
332	0	3286	1	ok
333	18	18	0	ok
334	12	12	0	ok
335	19	19	0	ok
336	13	13	0	ok
337	22	22	0	ok
338	16	16	0	ok
339	18	18	0	ok
340	12	12	0	ok
341	18	18	0	ok
342	12	12	0	ok
343	23	23	0	ok
344	17	17	0	ok
345	19	19	0	ok
346	13	13	0	ok
347	19	19	0	ok
348	13	13	0	ok
349	19	19	0	ok
350	13	13	0	ok
351	18	18	0	ok
352	12	12	0	ok
353	18	18	0	ok
354	12	12	0	ok
355	18	18	0	ok
356	12	12	0	ok
357	19	19	0	ok
358	13	13	0	ok
359	19	19	0	ok
360	13	13	0	ok
361	20	20	0	ok
362	14	14	0	ok
363	22	22	0	ok
364	16	16	0	ok
365	18	18	0	ok
366	12	12	0	ok
367	21	21	0	ok
368	15	15	0	ok
369	20	20	0	ok
370	14	14	0	ok
371	19	19	0	ok
372	13	13	0	ok
373	21	21	0	ok
374	15	15	0	ok
375	20	20	0	ok
376	14	14	0	ok
377	19	19	0	ok
378	13	13	0	ok
379	24	24	0	ok
380	0	3891	1	ok
381	0	2970	1	ok
382	0	2735	1	ok
383	16	16	0	ok
384	10	10	0	ok
385	17	17	0	ok
386	11	11	0	ok
387	0	3976	1	ok
388	0	2920	1	ok
389	0	2914	1	ok
390	0	2920	1	ok
391	0	2937	1	ok
392	25	25	0	ok
393	19	19	0	ok
394	34	34	0	ok
395	0	4157	1	ok
396	16	16	0	ok
397	10	10	0	ok
398	21	21	0	ok
399	15	15	0	ok
400	21	21	0	ok
401	15	15	0	ok
402	22	22	0	ok
403	0	4113	1	ok
404	24	24	0	ok
405	18	18	0	ok
406	19	19	0	ok
407	0	4113	1	ok
408	19	19	0	ok
409	13	13	0	ok
410	28	28	0	ok
411	0	4228	1	ok
412	27	27	0	ok
413	0	4218	1	ok
414	20	20	0	ok
415	14	14	0	ok
416	21	21	0	ok
417	0	4184	1	ok
418	16	16	0	ok
419	0	4134	1	ok
420	19	19	0	ok
421	0	4164	1	ok
422	20	20	0	ok
423	0	4174	1	ok
424	20	20	0	ok
425	14	14	0	ok
426	21	21	0	ok
427	15	15	0	ok
428	19	19	0	ok
429	13	13	0	ok
430	18	18	0	ok
431	0	4232	1	ok
432	17	17	0	ok
433	0	4222	1	ok
434	17	17	0	ok
435	0	4222	1	ok
436	17	17	0	ok
437	11	11	0	ok
438	17	17	0	ok
439	0	4245	1	ok
440	17	17	0	ok
441	0	4245	1	ok
442	17	9	0	ok
443	17	21	0	ok
444	4	4	0	ok
445	4	4	0	ok
446	9	9	0	ok
447	9	9	0	ok
448	10	10	0	ok
449	10	10	0	ok
450	9	9	0	ok
451	9	9	0	ok
452	10	10	0	ok
453	10	10	0	ok
454	7	7	0	ok
455	7	7	0	ok
456	7	7	0	ok
457	7	7	0	ok
458	7	7	0	ok
459	7	7	0	ok
460	7	7	0	ok
461	7	7	0	ok
462	8	8	0	ok
463	8	8	0	ok
464	5	5	0	ok
465	5	5	0	ok
466	7	7	0	ok
467	7	7	0	ok
468	8	8	0	ok
469	8	8	0	ok
470	8	8	0	ok
471	8	8	0	ok
472	9	9	0	ok
473	9	9	0	ok
474	11	11	0	ok
475	11	11	0	ok
476	8	8	0	ok
477	8	8	0	ok
478	0	4018	1	ok
479	22	22	0	ok
480	14	14	0	ok
481	22	22	0	ok
482	14	14	0	ok
484	24774	8497	0	ok
485	23046	6795	0	ok
483	6795	11417	0	ok
486	16	14	0	ok
487	15	13	0	ok
488	17	15	0	ok
489	1340	1339	0	ok
490	19	46	0	ok
491	797	2384	0	ok
492	0	158	1	ok
494	3286	3456	0	ok
493	3456	3377	0	ok
495	0	0	1	ok
497	3469	3464	0	ok
496	3464	3464	0	ok
498	0	0	0	ok
499	29	87	0	ok
500	0	0	0	ok
501	4100	4100	0	ok
502	12	12	0	ok
503	0	0	1	ok
504	0	67109	1	ok
505	0	0	1	ok
506	22	12	0	ok
507	10	10	0	ok
508	11	3	0	ok
509	0	0	1	ok
510	0	3439	1	ok
511	0	0	1	ok
512	10	10	0	ok
513	25672	8706	0	ok
514	23800	6795	0	ok
515	0	0	0	ok
516	4	4	0	ok
517	23	23	0	ok
518	11	11	0	ok
519	7	7	0	ok
520	8	8	0	ok
521	7	7	0	ok
522	8	8	0	ok
523	26	26	0	ok
524	0	0	0	ok
525	16	11	0	ok
526	5	5	0	ok
527	5	5	0	ok
528	16	11	0	ok
529	25	10	0	ok
530	25	15	0	ok
531	15	15	0	ok
532	16	11	0	ok
533	25	10	0	ok
534	25	15	0	ok
535	15	15	0	ok
536	16	11	0	ok
537	25	10	0	ok
538	25	15	0	ok
539	15	15	0	ok
540	13	6	0	ok
541	5	5	0	ok
542	0	72	1	ok
543	80	58	0	ok
544	0	359	1	ok
545	0	313	1	ok
546	22464	134	0	ok
547	15	5	0	ok
548	15	9	0	ok
549	15	5	0	ok
550	15	9	0	ok
551	15	5	0	ok
552	15	9	0	ok
553	15	5	0	ok
554	15	9	0	ok
555	9344	7227	0	ok
556	21	21	0	ok
557	41	41	0	ok
558	81	81	0	ok
559	161	161	0	ok
560	321	321	0	ok
561	641	641	0	ok
562	1281	1281	0	ok
563	2561	2561	0	ok
564	5121	5121	0	ok
565	10241	10241	0	ok
566	20481	20481	0	ok
567	0	0	0	ok
568	0	0	0	ok
569	0	0	0	ok
570	0	293	1	ok
571	25	25	0	ok
572	17	17	0	ok
573	24	24	0	ok
574	16	16	0	ok
575	22	22	0	ok
576	14	14	0	ok
577	22	22	0	ok
578	14	14	0	ok
579	22	22	0	ok
580	14	14	0	ok
581	23	23	0	ok
582	15	15	0	ok
583	24	24	0	ok
584	16	16	0	ok
585	22	22	0	ok
586	14	14	0	ok
587	22	22	0	ok
588	14	14	0	ok
589	131	10	0	ok
590	0	0	0	ok
591	0	0	0	ok
592	34	34	0	ok
593	46	64	0	ok
594	1	0	0	ok
595	0	0	1	ok
596	46	64	0	ok
597	1	0	0	ok
598	0	0	1	ok
599	0	589	1	ok
600	22	22	0	ok
601	14	14	0	ok
602	22	22	0	ok
603	14	14	0	ok
604	0	1807	1	ok
605	18	18	0	ok
606	12	12	0	ok
607	20	20	0	ok
608	14	14	0	ok
610	27372	7715	0	ok
611	24928	3435	0	ok
609	3435	4785	0	ok
612	0	483	1	ok
613	808	807	0	ok
614	7	7	0	ok
615	7	7	0	ok
616	3	3	0	ok
617	4	4	0	ok
618	8	8	0	ok
619	9	9	0	ok
620	131	131	0	ok
621	12	12	0	ok
622	25	25	0	ok
623	25	25	0	ok
624	10	10	0	ok
625	25	25	0	ok
626	25	25	0	ok
627	10	10	0	ok
628	88	88	0	ok
629	99	99	0	ok
630	89	89	0	ok
631	90	90	0	ok
632	92	92	0	ok
633	19	19	0	ok
634	3	3	0	ok
635	6	6	0	ok
636	6	6	0	ok
637	2	2	0	ok
638	1	1	0	ok
639	6	6	0	ok
640	13	13	0	ok
641	21	21	0	ok
642	4	4	0	ok
643	39	39	0	ok
644	6	6	0	ok
645	9	9	0	ok
646	11	11	0	ok
647	5	5	0	ok
648	4	4	0	ok
649	2	2	0	ok
650	5	5	0	ok
651	34	34	0	ok
652	1	1	0	ok
653	46	46	0	ok
654	3	3	0	ok
655	224	224	0	ok
656	151	151	0	ok
657	224	224	0	ok
658	1	1	0	ok
659	1	1	0	ok
660	1	1	0	ok
661	123	135	0	ok
662	197	215	0	ok
663	6	6	0	ok
664	5	5	0	ok
665	1	1	0	ok
666	1	1	0	ok
667	7	7	0	ok
668	1	1	0	ok
669	4	4	0	ok
670	3	3	0	ok
671	1	1	0	ok
672	1	1	0	ok
673	1	1	0	ok
674	1	1	0	ok
675	1	1	0	ok
676	2	2	0	ok
677	4	4	0	ok
678	1	1	0	ok
679	4	4	0	ok
680	3	3	0	ok
681	1	1	0	ok
682	1	1	0	ok
683	3	3	0	ok
684	1	1	0	ok
685	1	1	0	ok
686	1	1	0	ok
687	1	1	0	ok
688	1	1	0	ok
689	1	1	0	ok
690	3	3	0	ok
691	1	1	0	ok
692	1	1	0	ok
693	1	1	0	ok
694	1	1	0	ok
695	1	1	0	ok
696	3	3	0	ok
697	3	3	0	ok
698	3	3	0	ok
699	12	12	0	ok
700	3	3	0	ok
701	3	3	0	ok
702	8	8	0	ok
703	1	1	0	ok
704	3	3	0	ok
705	97	103	0	ok
706	40	40	0	ok
707	1	1	0	ok
708	1	1	0	ok
709	1	1	0	ok
710	22	22	0	ok
711	3	3	0	ok
712	3	3	0	ok
713	6	6	0	ok
714	1	1	0	ok
715	16	16	0	ok
716	3	3	0	ok
717	9	9	0	ok
718	106	106	0	ok
719	40	40	0	ok
720	1	1	0	ok
721	1	1	0	ok
722	1	1	0	ok
723	40	40	0	ok
724	1	1	0	ok
725	4	4	0	ok
726	29	29	0	ok
727	14	14	0	ok
728	12	12	0	ok
729	8	8	0	ok
730	8	8	0	ok
731	8	8	0	ok
732	1	1	0	ok
733	1	1	0	ok
734	1264	3778	0	ok
735	0	250	1	ok
737	5690	6003	0	ok
736	6003	5878	0	ok
738	0	0	0	ok
739	29	87	0	ok
740	12	13	0	ok
741	13	15	0	ok
742	21	25	0	ok
743	11	12	0	ok
744	123	141	0	ok
745	197	225	0	ok
746	9	10	0	ok
747	106	116	0	ok
748	40	44	0	ok
749	39	43	0	ok
750	34	37	0	ok
751	46	52	0	ok
752	97	103	0	ok
753	40	49	0	ok
754	0	0	0	ok
755	6348	6348	0	ok
756	12	12	0	ok
757	0	48	1	ok
758	0	27195	1	ok
759	9	9	0	ok
760	0	2	1	ok
761	29251	6	0	ok
762	29251	8	0	ok
763	29251	1	0	ok
764	29251	0	0	ok
765	29251	0	0	ok
766	0	0	0	ok
767	8	8	0	ok
768	0	0	0	ok
769	0	7044	1	ok
770	0	242722	1	ok
771	28607	7941	0	ok
772	25677	3435	0	ok
773	0	0	0	ok
774	4	4	0	ok
775	23	23	0	ok
776	11	11	0	ok
777	7	7	0	ok
778	8	8	0	ok
779	7	7	0	ok
780	8	8	0	ok
781	26	26	0	ok
782	0	0	0	ok
783	16	11	0	ok
784	5	5	0	ok
785	5	5	0	ok
786	16	11	0	ok
787	25	10	0	ok
788	25	15	0	ok
789	15	15	0	ok
790	16	11	0	ok
791	25	10	0	ok
792	25	15	0	ok
793	15	15	0	ok
794	16	11	0	ok
795	25	10	0	ok
796	25	15	0	ok
797	15	15	0	ok
798	0	72	1	ok
799	80	58	0	ok
800	0	326	1	ok
801	0	280	1	ok
802	13	6	0	ok
803	5	5	0	ok
804	22464	134	0	ok
805	15	5	0	ok
806	15	9	0	ok
807	15	5	0	ok
808	15	9	0	ok
809	15	5	0	ok
810	15	9	0	ok
811	15	5	0	ok
812	15	9	0	ok
813	0	72	1	ok
814	0	309	1	ok
815	25	25	0	ok
816	17	17	0	ok
817	24	24	0	ok
818	16	16	0	ok
819	22	22	0	ok
820	14	14	0	ok
821	22	22	0	ok
822	14	14	0	ok
823	22	22	0	ok
824	14	14	0	ok
825	23	23	0	ok
826	15	15	0	ok
827	24	24	0	ok
828	16	16	0	ok
829	22	22	0	ok
830	14	14	0	ok
831	22	22	0	ok
832	14	14	0	ok
833	0	1202	1	ok
834	0	549	1	ok
835	9344	7227	0	ok
836	21	21	0	ok
837	41	41	0	ok
838	81	81	0	ok
839	161	161	0	ok
840	321	321	0	ok
841	641	641	0	ok
842	1281	1281	0	ok
843	2561	2561	0	ok
844	5121	5121	0	ok
845	10241	10241	0	ok
846	20481	20481	0	ok
847	0	0	0	ok
848	0	0	0	ok
849	0	0	0	ok
850	131	10	0	ok
851	0	0	0	ok
852	0	0	0	ok
853	34	34	0	ok
854	46	64	0	ok
855	1	0	0	ok
856	0	0	1	ok
857	46	64	0	ok
858	1	0	0	ok
859	0	0	1	ok
860	0	1880	1	ok
861	0	1037	1	ok
862	0	1860	1	ok
863	0	1033	1	ok
864	0	1033	1	ok
865	0	1037	1	ok
866	0	1418	1	ok
867	36	36	0	ok
868	0	1536	1	ok
869	22	22	0	ok
870	14	14	0	ok
871	22	22	0	ok
872	14	14	0	ok
873	22	22	0	ok
874	14	14	0	ok
875	23	23	0	ok
876	15	15	0	ok
877	22	22	0	ok
878	14	14	0	ok
879	20	20	0	ok
880	12	12	0	ok
881	22	22	0	ok
882	14	14	0	ok
883	21	21	0	ok
884	13	13	0	ok
885	22	22	0	ok
886	14	14	0	ok
887	21	21	0	ok
888	13	13	0	ok
889	24	24	0	ok
890	16	16	0	ok
891	24	24	0	ok
892	16	16	0	ok
893	24	24	0	ok
894	16	16	0	ok
895	28	28	0	ok
896	20	20	0	ok
897	26	26	0	ok
898	0	1412	1	ok
899	0	1412	1	ok
900	0	1416	1	ok
901	0	1415	1	ok
902	0	1411	1	ok
903	29	29	0	ok
904	14	14	0	ok
905	17	17	0	ok
906	11	11	0	ok
907	23	23	0	ok
908	0	2581	1	ok
909	21	21	0	ok
910	15	15	0	ok
911	19	19	0	ok
912	13	13	0	ok
913	18	18	0	ok
914	12	12	0	ok
915	18	18	0	ok
916	12	12	0	ok
917	18	18	0	ok
918	12	12	0	ok
919	18	18	0	ok
920	12	12	0	ok
921	20	20	0	ok
922	14	14	0	ok
923	21	21	0	ok
924	15	15	0	ok
925	9	9	0	ok
926	9	9	0	ok
927	7	7	0	ok
928	7	7	0	ok
929	9	9	0	ok
930	9	9	0	ok
931	7	7	0	ok
932	7	7	0	ok
933	9	9	0	ok
934	9	9	0	ok
935	4	4	0	ok
936	4	4	0	ok
937	5	5	0	ok
938	5	5	0	ok
939	7	7	0	ok
940	7	7	0	ok
941	7	7	0	ok
942	7	7	0	ok
943	8	8	0	ok
944	8	8	0	ok
945	7	7	0	ok
946	7	7	0	ok
947	7	7	0	ok
948	7	7	0	ok
949	9	9	0	ok
950	9	9	0	ok
951	10	10	0	ok
952	10	10	0	ok
953	9	9	0	ok
954	9	9	0	ok
955	10	10	0	ok
956	10	10	0	ok
957	8	8	0	ok
958	8	8	0	ok
959	25	7	0	ok
960	57	49	0	ok
961	195	286	0	ok
962	195	208	0	ok
963	57	61	0	ok
964	0	2352	1	ok
965	0	2385	1	ok
966	0	2387	1	ok
967	0	2349	1	ok
968	0	2350	1	ok
969	0	2351	1	ok
970	0	2415	1	ok
971	0	2450	1	ok
972	0	2411	1	ok
973	0	2446	1	ok
974	0	2413	1	ok
975	0	2448	1	ok
976	0	2414	1	ok
977	0	2415	1	ok
978	0	2453	1	ok
979	0	2449	1	ok
980	0	2451	1	ok
981	0	2418	1	ok
982	18	18	0	ok
983	12	12	0	ok
984	20	20	0	ok
985	14	14	0	ok
986	18	18	0	ok
987	12	12	0	ok
988	20	20	0	ok
989	14	14	0	ok
990	19	19	0	ok
991	13	13	0	ok
992	22	22	0	ok
993	14	14	0	ok
994	22	22	0	ok
995	14	14	0	ok
996	19	19	0	ok
997	13	13	0	ok
998	20	20	0	ok
999	14	14	0	ok
1001	38437	11959	0	ok
1002	34987	7212	0	ok
1000	7212	11549	0	ok
1003	1340	1339	0	ok
1004	3	3	0	ok
1005	7	7	0	ok
1006	7	7	0	ok
1007	4	4	0	ok
1008	8	8	0	ok
1009	9	9	0	ok
1010	131	131	0	ok
1011	12	12	0	ok
1012	25	25	0	ok
1013	25	25	0	ok
1014	10	10	0	ok
1015	25	25	0	ok
1016	25	25	0	ok
1017	10	10	0	ok
1018	88	88	0	ok
1019	99	99	0	ok
1020	89	89	0	ok
1021	90	90	0	ok
1022	92	92	0	ok
1023	19	19	0	ok
1024	3	3	0	ok
1025	6	6	0	ok
1026	6	6	0	ok
1027	2	2	0	ok
1028	1	1	0	ok
1029	6	6	0	ok
1030	13	13	0	ok
1031	21	21	0	ok
1032	4	4	0	ok
1033	39	39	0	ok
1034	6	6	0	ok
1035	9	9	0	ok
1036	11	11	0	ok
1037	5	5	0	ok
1038	4	4	0	ok
1039	2	2	0	ok
1040	5	5	0	ok
1041	34	34	0	ok
1042	1	1	0	ok
1043	46	46	0	ok
1044	3	3	0	ok
1045	224	224	0	ok
1046	151	151	0	ok
1047	224	224	0	ok
1048	1	1	0	ok
1049	1	1	0	ok
1050	1	1	0	ok
1051	123	135	0	ok
1052	197	215	0	ok
1053	6	6	0	ok
1054	5	5	0	ok
1055	1	1	0	ok
1056	1	1	0	ok
1057	7	7	0	ok
1058	1	1	0	ok
1059	4	4	0	ok
1060	3	3	0	ok
1061	1	1	0	ok
1062	1	1	0	ok
1063	1	1	0	ok
1064	1	1	0	ok
1065	1	1	0	ok
1066	2	2	0	ok
1067	4	4	0	ok
1068	1	1	0	ok
1069	4	4	0	ok
1070	3	3	0	ok
1071	1	1	0	ok
1072	1	1	0	ok
1073	3	3	0	ok
1074	1	1	0	ok
1075	1	1	0	ok
1076	1	1	0	ok
1077	1	1	0	ok
1078	1	1	0	ok
1079	1	1	0	ok
1080	3	3	0	ok
1081	1	1	0	ok
1082	1	1	0	ok
1083	1	1	0	ok
1084	1	1	0	ok
1085	1	1	0	ok
1086	3	3	0	ok
1087	3	3	0	ok
1088	3	3	0	ok
1089	12	12	0	ok
1090	3	3	0	ok
1091	3	3	0	ok
1092	8	8	0	ok
1093	1	1	0	ok
1094	3	3	0	ok
1095	97	103	0	ok
1096	40	40	0	ok
1097	1	1	0	ok
1098	1	1	0	ok
1099	1	1	0	ok
1100	22	22	0	ok
1101	3	3	0	ok
1102	3	3	0	ok
1103	6	6	0	ok
1104	1	1	0	ok
1105	16	16	0	ok
1106	3	3	0	ok
1107	9	9	0	ok
1108	106	106	0	ok
1109	40	40	0	ok
1110	1	1	0	ok
1111	1	1	0	ok
1112	1	1	0	ok
1113	40	40	0	ok
1114	1	1	0	ok
1115	4	4	0	ok
1116	29	29	0	ok
1117	14	14	0	ok
1118	12	12	0	ok
1119	3	3	0	ok
1120	8	8	0	ok
1121	8	8	0	ok
1122	1	1	0	ok
1123	1	1	0	ok
1124	1961	5702	0	ok
1125	0	356	1	ok
1127	7832	8227	0	ok
1126	8227	8049	0	ok
1128	0	0	1	ok
1130	2325	2328	0	ok
1129	2328	2328	0	ok
1131	0	0	0	ok
1132	29	87	0	ok
1133	12	13	0	ok
1134	13	15	0	ok
1135	21	25	0	ok
1136	11	12	0	ok
1137	123	141	0	ok
1138	197	225	0	ok
1139	9	10	0	ok
1140	106	116	0	ok
1141	40	44	0	ok
1142	39	43	0	ok
1143	34	37	0	ok
1144	46	52	0	ok
1145	97	103	0	ok
1146	40	49	0	ok
1147	0	0	0	ok
1148	8519	8519	0	ok
1149	12	12	0	ok
1150	0	48	1	ok
1151	0	79967	1	ok
1152	16	12	0	ok
1153	4	4	0	ok
1154	5	3	0	ok
1155	0	48	1	ok
1156	0	36766	1	ok
1157	11	8	0	ok
1158	3	3	0	ok
1159	4	3	0	ok
1160	0	80	1	ok
1161	0	8804	1	ok
1162	10	10	0	ok
1163	9	9	0	ok
1164	0	2	1	ok
1165	67244	6	0	ok
1166	67244	8	0	ok
1167	67244	1	0	ok
1168	67244	0	0	ok
1169	67244	9511	0	ok
1170	9511	8047	0	ok
1171	13	13	0	ok
1172	0	2	1	ok
1173	39394	6	0	ok
1174	39394	8	0	ok
1175	39394	1	0	ok
1176	39394	0	0	ok
1177	39394	0	0	ok
1178	0	0	0	ok
1179	26	15	0	ok
1180	0	0	1	ok
1181	8	8	0	ok
1182	0	0	0	ok
1183	0	7044	1	ok
1184	0	242722	1	ok
1185	26	15	0	ok
1186	15	3	0	ok
1187	3	3	0	ok
1188	4	4	0	ok
1189	4	3	0	ok
1190	95	89	0	ok
1191	219	201	0	ok
1192	402	326	0	ok
1193	165	137	0	ok
1194	39	37	0	ok
1195	0	9306	1	ok
1196	38987	12186	0	ok
1197	35392	7212	0	ok
1198	345	357	0	ok
1199	0	0	0	ok
1200	4	4	0	ok
1201	23	23	0	ok
1202	11	11	0	ok
1203	7	7	0	ok
1204	8	8	0	ok
1205	7	7	0	ok
1206	8	8	0	ok
1207	26	26	0	ok
1208	0	0	0	ok
1209	16	11	0	ok
1210	5	5	0	ok
1211	5	5	0	ok
1212	16	11	0	ok
1213	25	10	0	ok
1214	25	15	0	ok
1215	15	15	0	ok
1216	16	11	0	ok
1217	25	10	0	ok
1218	25	15	0	ok
1219	15	15	0	ok
1220	16	11	0	ok
1221	25	10	0	ok
1222	25	15	0	ok
1223	15	15	0	ok
1224	0	72	1	ok
1225	80	58	0	ok
1226	0	338	1	ok
1227	0	292	1	ok
1228	13	6	0	ok
1229	5	5	0	ok
1230	22464	134	0	ok
1231	15	5	0	ok
1232	15	9	0	ok
1233	15	5	0	ok
1234	15	9	0	ok
1235	15	5	0	ok
1236	15	9	0	ok
1237	15	5	0	ok
1238	15	9	0	ok
1239	0	72	1	ok
1240	0	325	1	ok
1241	25	25	0	ok
1242	17	17	0	ok
1243	24	24	0	ok
1244	16	16	0	ok
1245	22	22	0	ok
1246	14	14	0	ok
1247	22	22	0	ok
1248	14	14	0	ok
1249	22	22	0	ok
1250	14	14	0	ok
1251	23	23	0	ok
1252	15	15	0	ok
1253	24	24	0	ok
1254	16	16	0	ok
1255	22	22	0	ok
1256	14	14	0	ok
1257	22	22	0	ok
1258	14	14	0	ok
1259	0	1218	1	ok
1260	0	565	1	ok
1261	9344	7227	0	ok
1262	21	21	0	ok
1263	41	41	0	ok
1264	81	81	0	ok
1265	161	161	0	ok
1266	321	321	0	ok
1267	641	641	0	ok
1268	1281	1281	0	ok
1269	2561	2561	0	ok
1270	5121	5121	0	ok
1271	10241	10241	0	ok
1272	20481	20481	0	ok
1273	0	0	0	ok
1274	0	0	0	ok
1275	0	0	0	ok
1276	131	10	0	ok
1277	0	0	0	ok
1278	0	0	0	ok
1279	34	34	0	ok
1280	46	64	0	ok
1281	1	0	0	ok
1282	0	0	1	ok
1283	46	64	0	ok
1284	1	0	0	ok
1285	0	0	1	ok
1286	52	52	0	ok
1287	22	22	0	ok
1288	14	14	0	ok
1289	23	23	0	ok
1290	15	15	0	ok
1291	22	22	0	ok
1292	14	14	0	ok
1293	22	22	0	ok
1294	14	14	0	ok
1295	9	9	0	ok
1296	9	9	0	ok
1297	7	7	0	ok
1298	7	7	0	ok
1299	25	7	0	ok
1300	14	5	0	ok
1301	15	6	0	ok
1302	14	5	0	ok
1303	14	5	0	ok
1305	32958	9110	0	ok
1306	30088	4450	0	ok
1304	4450	6107	0	ok
1307	1340	1339	0	ok
1308	3	3	0	ok
1309	7	7	0	ok
1310	7	7	0	ok
1311	4	4	0	ok
1312	8	8	0	ok
1313	9	9	0	ok
1314	131	131	0	ok
1315	12	12	0	ok
1316	25	25	0	ok
1317	25	25	0	ok
1318	10	10	0	ok
1319	25	25	0	ok
1320	25	25	0	ok
1321	10	10	0	ok
1322	88	88	0	ok
1323	99	99	0	ok
1324	89	89	0	ok
1325	90	90	0	ok
1326	92	92	0	ok
1327	19	19	0	ok
1328	3	3	0	ok
1329	6	6	0	ok
1330	6	6	0	ok
1331	2	2	0	ok
1332	1	1	0	ok
1333	6	6	0	ok
1334	13	13	0	ok
1335	21	21	0	ok
1336	4	4	0	ok
1337	39	39	0	ok
1338	6	6	0	ok
1339	9	9	0	ok
1340	11	11	0	ok
1341	5	5	0	ok
1342	4	4	0	ok
1343	2	2	0	ok
1344	5	5	0	ok
1345	34	34	0	ok
1346	1	1	0	ok
1347	46	46	0	ok
1348	3	3	0	ok
1349	224	224	0	ok
1350	151	151	0	ok
1351	224	224	0	ok
1352	1	1	0	ok
1353	1	1	0	ok
1354	1	1	0	ok
1355	123	135	0	ok
1356	197	215	0	ok
1357	6	6	0	ok
1358	5	5	0	ok
1359	1	1	0	ok
1360	1	1	0	ok
1361	7	7	0	ok
1362	1	1	0	ok
1363	4	4	0	ok
1364	3	3	0	ok
1365	1	1	0	ok
1366	1	1	0	ok
1367	1	1	0	ok
1368	1	1	0	ok
1369	1	1	0	ok
1370	2	2	0	ok
1371	4	4	0	ok
1372	1	1	0	ok
1373	4	4	0	ok
1374	3	3	0	ok
1375	1	1	0	ok
1376	1	1	0	ok
1377	3	3	0	ok
1378	1	1	0	ok
1379	1	1	0	ok
1380	1	1	0	ok
1381	1	1	0	ok
1382	1	1	0	ok
1383	1	1	0	ok
1384	3	3	0	ok
1385	1	1	0	ok
1386	1	1	0	ok
1387	1	1	0	ok
1388	1	1	0	ok
1389	1	1	0	ok
1390	3	3	0	ok
1391	3	3	0	ok
1392	3	3	0	ok
1393	12	12	0	ok
1394	3	3	0	ok
1395	3	3	0	ok
1396	8	8	0	ok
1397	1	1	0	ok
1398	3	3	0	ok
1399	97	103	0	ok
1400	40	40	0	ok
1401	1	1	0	ok
1402	1	1	0	ok
1403	1	1	0	ok
1404	22	22	0	ok
1405	3	3	0	ok
1406	3	3	0	ok
1407	6	6	0	ok
1408	1	1	0	ok
1409	16	16	0	ok
1410	3	3	0	ok
1411	9	9	0	ok
1412	106	106	0	ok
1413	40	40	0	ok
1414	1	1	0	ok
1415	1	1	0	ok
1416	1	1	0	ok
1417	40	40	0	ok
1418	1	1	0	ok
1419	4	4	0	ok
1420	29	29	0	ok
1421	14	14	0	ok
1422	12	12	0	ok
1423	8	8	0	ok
1424	8	8	0	ok
1425	8	8	0	ok
1426	1	1	0	ok
1427	1	1	0	ok
1428	1657	4874	0	ok
1429	0	312	1	ok
1431	6254	6585	0	ok
1430	6585	6429	0	ok
1432	0	0	1	ok
1434	863	864	0	ok
1433	864	864	0	ok
1435	0	0	0	ok
1436	29	87	0	ok
1437	12	13	0	ok
1438	13	15	0	ok
1439	21	25	0	ok
1440	11	12	0	ok
1441	123	141	0	ok
1442	197	225	0	ok
1443	9	10	0	ok
1444	106	116	0	ok
1445	40	44	0	ok
1446	39	43	0	ok
1447	34	37	0	ok
1448	46	52	0	ok
1449	97	103	0	ok
1450	40	49	0	ok
1451	0	0	0	ok
1452	6899	6899	0	ok
1453	12	12	0	ok
1454	0	48	1	ok
1455	0	58845	1	ok
1456	11	8	0	ok
1457	3	3	0	ok
1458	4	3	0	ok
1459	0	80	1	ok
1460	0	7164	1	ok
1461	10	10	0	ok
1462	9	9	0	ok
1463	0	2	1	ok
1464	51602	6	0	ok
1465	51602	8	0	ok
1466	51602	1	0	ok
1467	51602	0	0	ok
1468	51602	4839	0	ok
1469	4839	4091	0	ok
1470	26	15	0	ok
1471	0	0	1	ok
1472	8	8	0	ok
1473	0	0	0	ok
1474	0	7044	1	ok
1475	0	242722	1	ok
1476	26	15	0	ok
1477	15	3	0	ok
1478	3	3	0	ok
1479	4	4	0	ok
1480	4	3	0	ok
1482	2880	5290	0	ok
1481	5290	5288	0	ok
1483	0	12983	1	ok
1484	33507	9337	0	ok
1485	30493	4450	0	ok
1486	0	0	0	ok
1487	4	4	0	ok
1488	23	23	0	ok
1489	11	11	0	ok
1490	7	7	0	ok
1491	8	8	0	ok
1492	7	7	0	ok
1493	8	8	0	ok
1494	26	26	0	ok
1495	0	0	0	ok
1496	16	11	0	ok
1497	5	5	0	ok
1498	5	5	0	ok
1499	16	11	0	ok
1500	25	10	0	ok
1501	25	15	0	ok
1502	15	15	0	ok
1503	16	11	0	ok
1504	25	10	0	ok
1505	25	15	0	ok
1506	15	15	0	ok
1507	16	11	0	ok
1508	25	10	0	ok
1509	25	15	0	ok
1510	15	15	0	ok
1511	0	72	1	ok
1512	80	58	0	ok
1513	0	341	1	ok
1514	0	295	1	ok
1515	13	6	0	ok
1516	5	5	0	ok
1517	22464	134	0	ok
1518	15	5	0	ok
1519	15	9	0	ok
1520	15	5	0	ok
1521	15	9	0	ok
1522	15	5	0	ok
1523	15	9	0	ok
1524	15	5	0	ok
1525	15	9	0	ok
1526	0	72	1	ok
1527	0	329	1	ok
1528	25	25	0	ok
1529	17	17	0	ok
1530	24	24	0	ok
1531	16	16	0	ok
1532	22	22	0	ok
1533	14	14	0	ok
1534	22	22	0	ok
1535	14	14	0	ok
1536	22	22	0	ok
1537	14	14	0	ok
1538	23	23	0	ok
1539	15	15	0	ok
1540	24	24	0	ok
1541	16	16	0	ok
1542	22	22	0	ok
1543	14	14	0	ok
1544	22	22	0	ok
1545	14	14	0	ok
1546	0	1222	1	ok
1547	0	569	1	ok
1548	9344	7227	0	ok
1549	21	21	0	ok
1550	41	41	0	ok
1551	81	81	0	ok
1552	161	161	0	ok
1553	321	321	0	ok
1554	641	641	0	ok
1555	1281	1281	0	ok
1556	2561	2561	0	ok
1557	5121	5121	0	ok
1558	10241	10241	0	ok
1559	20481	20481	0	ok
1560	0	0	0	ok
1561	0	0	0	ok
1562	0	0	0	ok
1563	131	10	0	ok
1564	0	0	0	ok
1565	0	0	0	ok
1566	34	34	0	ok
1567	46	64	0	ok
1568	1	0	0	ok
1569	0	0	1	ok
1570	46	64	0	ok
1571	1	0	0	ok
1572	0	0	1	ok
1573	0	1438	1	ok
1574	0	50170	1	ok
1575	0	50170	1	ok
1576	0	50170	1	ok
1577	0	50197	1	ok
1578	0	1625	1	ok
1579	22	22	0	ok
1580	14	14	0	ok
1581	23	23	0	ok
1582	15	15	0	ok
1583	22	22	0	ok
1584	14	14	0	ok
1585	22	22	0	ok
1586	14	14	0	ok
1587	21	21	0	ok
1588	13	13	0	ok
1589	24	24	0	ok
1590	16	16	0	ok
1591	22	22	0	ok
1592	14	14	0	ok
1593	22	22	0	ok
1594	14	14	0	ok
1595	25	25	0	ok
1596	17	17	0	ok
1597	21	21	0	ok
1598	13	13	0	ok
1599	16	16	0	ok
1600	0	2439	1	ok
1601	18	18	0	ok
1602	0	2459	1	ok
1603	19	19	0	ok
1604	0	2469	1	ok
1605	25	25	0	ok
1606	19	19	0	ok
1607	19	19	0	ok
1608	13	13	0	ok
1609	21	21	0	ok
1610	15	15	0	ok
1611	9	9	0	ok
1612	9	9	0	ok
1613	8	8	0	ok
1614	8	8	0	ok
1615	8	8	0	ok
1616	8	8	0	ok
1617	14	14	0	ok
1618	14	14	0	ok
1619	7	7	0	ok
1620	7	7	0	ok
1621	5	5	0	ok
1622	5	5	0	ok
1623	9	9	0	ok
1624	9	9	0	ok
1625	7	7	0	ok
1626	7	7	0	ok
1627	8	8	0	ok
1628	8	8	0	ok
1629	7	7	0	ok
1630	7	7	0	ok
1631	10	10	0	ok
1632	10	10	0	ok
1633	0	2638	1	ok
1634	0	1985	1	ok
1635	25	7	0	ok
1636	25	8	0	ok
1637	25	10	0	ok
1638	2	1	0	ok
1639	4	3	0	ok
1640	2	1	0	ok
1641	633	682	0	ok
1642	6	6	0	ok
1643	126	123	0	ok
1644	0	2151	1	ok
1645	0	2155	1	ok
1646	25	7	0	ok
1648	34580	10800	0	ok
1649	31551	5875	0	ok
1647	5875	8759	0	ok
1650	1340	1339	0	ok
1651	7	7	0	ok
1652	7	7	0	ok
1653	3	3	0	ok
1654	4	4	0	ok
1655	8	8	0	ok
1656	9	9	0	ok
1657	131	131	0	ok
1658	12	12	0	ok
1659	25	25	0	ok
1660	25	25	0	ok
1661	10	10	0	ok
1662	25	25	0	ok
1663	25	25	0	ok
1664	10	10	0	ok
1665	88	88	0	ok
1666	99	99	0	ok
1667	89	89	0	ok
1668	90	90	0	ok
1669	92	92	0	ok
1670	19	19	0	ok
1671	3	3	0	ok
1672	6	6	0	ok
1673	6	6	0	ok
1674	2	2	0	ok
1675	1	1	0	ok
1676	6	6	0	ok
1677	13	13	0	ok
1678	21	21	0	ok
1679	4	4	0	ok
1680	39	39	0	ok
1681	6	6	0	ok
1682	9	9	0	ok
1683	11	11	0	ok
1684	5	5	0	ok
1685	4	4	0	ok
1686	2	2	0	ok
1687	5	5	0	ok
1688	34	34	0	ok
1689	1	1	0	ok
1690	46	46	0	ok
1691	3	3	0	ok
1692	224	224	0	ok
1693	151	151	0	ok
1694	224	224	0	ok
1695	1	1	0	ok
1696	1	1	0	ok
1697	1	1	0	ok
1698	123	135	0	ok
1699	197	215	0	ok
1700	6	6	0	ok
1701	5	5	0	ok
1702	1	1	0	ok
1703	1	1	0	ok
1704	7	7	0	ok
1705	1	1	0	ok
1706	4	4	0	ok
1707	3	3	0	ok
1708	1	1	0	ok
1709	1	1	0	ok
1710	1	1	0	ok
1711	1	1	0	ok
1712	1	1	0	ok
1713	2	2	0	ok
1714	4	4	0	ok
1715	1	1	0	ok
1716	4	4	0	ok
1717	3	3	0	ok
1718	1	1	0	ok
1719	1	1	0	ok
1720	3	3	0	ok
1721	1	1	0	ok
1722	1	1	0	ok
1723	1	1	0	ok
1724	1	1	0	ok
1725	1	1	0	ok
1726	1	1	0	ok
1727	3	3	0	ok
1728	1	1	0	ok
1729	1	1	0	ok
1730	1	1	0	ok
1731	1	1	0	ok
1732	1	1	0	ok
1733	3	3	0	ok
1734	3	3	0	ok
1735	3	3	0	ok
1736	12	12	0	ok
1737	3	3	0	ok
1738	3	3	0	ok
1739	8	8	0	ok
1740	1	1	0	ok
1741	3	3	0	ok
1742	97	103	0	ok
1743	40	40	0	ok
1744	1	1	0	ok
1745	1	1	0	ok
1746	1	1	0	ok
1747	22	22	0	ok
1748	3	3	0	ok
1749	3	3	0	ok
1750	6	6	0	ok
1751	1	1	0	ok
1752	16	16	0	ok
1753	3	3	0	ok
1754	9	9	0	ok
1755	106	106	0	ok
1756	40	40	0	ok
1757	1	1	0	ok
1758	1	1	0	ok
1759	1	1	0	ok
1760	40	40	0	ok
1761	1	1	0	ok
1762	4	4	0	ok
1763	29	29	0	ok
1764	14	14	0	ok
1765	12	12	0	ok
1766	8	8	0	ok
1767	8	8	0	ok
1768	8	8	0	ok
1769	1	1	0	ok
1770	1	1	0	ok
1771	1719	5088	0	ok
1772	0	330	1	ok
1774	6269	6620	0	ok
1773	6620	6455	0	ok
1775	0	0	1	ok
1777	1882	1887	0	ok
1776	1887	1887	0	ok
1778	0	0	0	ok
1779	29	87	0	ok
1780	12	13	0	ok
1781	13	15	0	ok
1782	21	25	0	ok
1783	11	12	0	ok
1784	123	141	0	ok
1785	197	225	0	ok
1786	9	10	0	ok
1787	106	116	0	ok
1788	40	44	0	ok
1789	39	43	0	ok
1790	34	37	0	ok
1791	46	52	0	ok
1792	97	103	0	ok
1793	40	49	0	ok
1794	0	0	0	ok
1795	6925	6925	0	ok
1796	12	12	0	ok
1797	0	48	1	ok
1798	0	62569	1	ok
1799	16	12	0	ok
1800	4	4	0	ok
1801	5	3	0	ok
1802	0	48	1	ok
1803	0	31080	1	ok
1804	11	8	0	ok
1805	3	3	0	ok
1806	4	3	0	ok
1807	0	80	1	ok
1808	0	7164	1	ok
1809	10	10	0	ok
1810	9	9	0	ok
1811	0	2	1	ok
1812	58602	6	0	ok
1813	58602	8	0	ok
1814	58602	1	0	ok
1815	58602	0	0	ok
1816	58602	1479	0	ok
1817	1479	1223	0	ok
1818	13	13	0	ok
1819	0	2	1	ok
1820	32679	6	0	ok
1821	32679	8	0	ok
1822	32679	1	0	ok
1823	32679	0	0	ok
1824	32679	0	0	ok
1825	0	0	0	ok
1826	26	15	0	ok
1827	0	0	1	ok
1828	8	8	0	ok
1829	0	0	0	ok
1830	0	7044	1	ok
1831	0	242722	1	ok
1832	26	15	0	ok
1833	15	3	0	ok
1834	3	3	0	ok
1835	4	4	0	ok
1836	4	3	0	ok
1838	739	1499	0	ok
1837	1499	1497	0	ok
1839	0	9232	1	ok
1840	35129	11027	0	ok
1841	31956	5875	0	ok
1842	0	0	0	ok
1843	4	4	0	ok
1844	23	23	0	ok
1845	11	11	0	ok
1846	7	7	0	ok
1847	8	8	0	ok
1848	7	7	0	ok
1849	8	8	0	ok
1850	26	26	0	ok
1851	0	0	0	ok
1852	14	11	0	ok
1853	5	5	0	ok
1854	5	5	0	ok
1855	14	11	0	ok
1856	25	10	0	ok
1857	25	15	0	ok
1858	15	15	0	ok
1859	14	11	0	ok
1860	25	10	0	ok
1861	25	15	0	ok
1862	15	15	0	ok
1863	14	11	0	ok
1864	25	10	0	ok
1865	25	15	0	ok
1866	15	15	0	ok
1867	0	72	1	ok
1868	80	58	0	ok
1869	0	326	1	ok
1870	0	280	1	ok
1871	13	6	0	ok
1872	5	5	0	ok
1873	22464	134	0	ok
1874	15	5	0	ok
1875	15	9	0	ok
1876	15	5	0	ok
1877	15	9	0	ok
1878	15	5	0	ok
1879	15	9	0	ok
1880	15	5	0	ok
1881	15	9	0	ok
1882	0	72	1	ok
1883	0	309	1	ok
1884	25	25	0	ok
1885	17	17	0	ok
1886	24	24	0	ok
1887	16	16	0	ok
1888	22	22	0	ok
1889	14	14	0	ok
1890	22	22	0	ok
1891	14	14	0	ok
1892	22	22	0	ok
1893	14	14	0	ok
1894	23	23	0	ok
1895	15	15	0	ok
1896	24	24	0	ok
1897	16	16	0	ok
1898	22	22	0	ok
1899	14	14	0	ok
1900	22	22	0	ok
1901	14	14	0	ok
1902	0	1202	1	ok
1903	0	549	1	ok
1904	9344	7227	0	ok
1905	21	21	0	ok
1906	41	41	0	ok
1907	81	81	0	ok
1908	161	161	0	ok
1909	321	321	0	ok
1910	641	641	0	ok
1911	1281	1281	0	ok
1912	2561	2561	0	ok
1913	5121	5121	0	ok
1914	10241	10241	0	ok
1915	20481	20481	0	ok
1916	0	0	0	ok
1917	0	0	0	ok
1918	0	0	0	ok
1919	131	10	0	ok
1920	0	0	0	ok
1921	0	0	0	ok
1922	34	34	0	ok
1923	46	64	0	ok
1924	1	0	0	ok
1925	0	0	1	ok
1926	46	64	0	ok
1927	1	0	0	ok
1928	0	0	1	ok
1929	0	1418	1	ok
1930	0	878	1	ok
1931	0	931	1	ok
1932	25	39	0	ok
1933	0	50546	1	ok
1934	0	50546	1	ok
1935	0	50546	1	ok
1936	0	50573	1	ok
1937	22	22	0	ok
1938	14	14	0	ok
1939	22	22	0	ok
1940	14	14	0	ok
1941	22	22	0	ok
1942	14	14	0	ok
1943	23	23	0	ok
1944	15	15	0	ok
1945	22	22	0	ok
1946	14	14	0	ok
1947	21	21	0	ok
1948	13	13	0	ok
1949	25	25	0	ok
1950	17	17	0	ok
1951	22	22	0	ok
1952	14	14	0	ok
1953	22	22	0	ok
1954	14	14	0	ok
1955	20	20	0	ok
1956	12	12	0	ok
1957	24	24	0	ok
1958	16	16	0	ok
1959	18	18	0	ok
1960	12	12	0	ok
1961	16	16	0	ok
1962	0	2725	1	ok
1963	21	21	0	ok
1964	15	15	0	ok
1965	0	2094	1	ok
1966	5	5	0	ok
1967	5	5	0	ok
1968	7	7	0	ok
1969	7	7	0	ok
1970	7	7	0	ok
1971	7	7	0	ok
1972	8	8	0	ok
1973	8	8	0	ok
1974	8	8	0	ok
1975	8	8	0	ok
1976	7	7	0	ok
1977	7	7	0	ok
1978	7	7	0	ok
1979	7	7	0	ok
1980	10	10	0	ok
1981	10	10	0	ok
1982	9	9	0	ok
1983	9	9	0	ok
1985	33142	10162	0	ok
1986	29979	5567	0	ok
1984	5567	8172	0	ok
1987	1340	1339	0	ok
1988	7	7	0	ok
1989	7	7	0	ok
1990	3	3	0	ok
1991	4	4	0	ok
1992	8	8	0	ok
1993	9	9	0	ok
1994	131	131	0	ok
1995	12	12	0	ok
1996	25	25	0	ok
1997	25	25	0	ok
1998	10	10	0	ok
1999	25	25	0	ok
2000	25	25	0	ok
2001	10	10	0	ok
2002	88	88	0	ok
2003	99	99	0	ok
2004	89	89	0	ok
2005	90	90	0	ok
2006	92	92	0	ok
2007	19	19	0	ok
2008	3	3	0	ok
2009	6	6	0	ok
2010	6	6	0	ok
2011	2	2	0	ok
2012	1	1	0	ok
2013	6	6	0	ok
2014	13	13	0	ok
2015	21	21	0	ok
2016	4	4	0	ok
2017	39	39	0	ok
2018	6	6	0	ok
2019	9	9	0	ok
2020	11	11	0	ok
2021	5	5	0	ok
2022	4	4	0	ok
2023	2	2	0	ok
2024	5	5	0	ok
2025	34	34	0	ok
2026	1	1	0	ok
2027	46	46	0	ok
2028	3	3	0	ok
2029	224	224	0	ok
2030	151	151	0	ok
2031	224	224	0	ok
2032	1	1	0	ok
2033	1	1	0	ok
2034	1	1	0	ok
2035	123	135	0	ok
2036	197	215	0	ok
2037	6	6	0	ok
2038	5	5	0	ok
2039	1	1	0	ok
2040	1	1	0	ok
2041	7	7	0	ok
2042	1	1	0	ok
2043	4	4	0	ok
2044	3	3	0	ok
2045	1	1	0	ok
2046	1	1	0	ok
2047	1	1	0	ok
2048	1	1	0	ok
2049	1	1	0	ok
2050	2	2	0	ok
2051	4	4	0	ok
2052	1	1	0	ok
2053	4	4	0	ok
2054	3	3	0	ok
2055	1	1	0	ok
2056	1	1	0	ok
2057	3	3	0	ok
2058	1	1	0	ok
2059	1	1	0	ok
2060	1	1	0	ok
2061	1	1	0	ok
2062	1	1	0	ok
2063	1	1	0	ok
2064	3	3	0	ok
2065	1	1	0	ok
2066	1	1	0	ok
2067	1	1	0	ok
2068	1	1	0	ok
2069	1	1	0	ok
2070	3	3	0	ok
2071	3	3	0	ok
2072	3	3	0	ok
2073	12	12	0	ok
2074	3	3	0	ok
2075	3	3	0	ok
2076	8	8	0	ok
2077	1	1	0	ok
2078	3	3	0	ok
2079	97	103	0	ok
2080	40	40	0	ok
2081	1	1	0	ok
2082	1	1	0	ok
2083	1	1	0	ok
2084	22	22	0	ok
2085	3	3	0	ok
2086	3	3	0	ok
2087	6	6	0	ok
2088	1	1	0	ok
2089	16	16	0	ok
2090	3	3	0	ok
2091	9	9	0	ok
2092	106	106	0	ok
2093	40	40	0	ok
2094	1	1	0	ok
2095	1	1	0	ok
2096	1	1	0	ok
2097	40	40	0	ok
2098	1	1	0	ok
2099	4	4	0	ok
2100	29	29	0	ok
2101	14	14	0	ok
2102	12	12	0	ok
2103	8	8	0	ok
2104	8	8	0	ok
2105	8	8	0	ok
2106	1	1	0	ok
2107	1	1	0	ok
2108	1566	4692	0	ok
2109	0	312	1	ok
2111	5835	6162	0	ok
2110	6162	6006	0	ok
2112	0	0	1	ok
2114	1938	1952	0	ok
2113	1952	1952	0	ok
2115	0	0	0	ok
2116	29	87	0	ok
2117	12	13	0	ok
2118	13	15	0	ok
2119	21	25	0	ok
2120	11	12	0	ok
2121	123	141	0	ok
2122	197	225	0	ok
2123	9	10	0	ok
2124	106	116	0	ok
2125	40	44	0	ok
2126	39	43	0	ok
2127	34	37	0	ok
2128	46	52	0	ok
2129	97	103	0	ok
2130	40	49	0	ok
2131	0	0	0	ok
2132	6476	6476	0	ok
2133	11	11	0	ok
2134	0	0	1	ok
2135	0	484	1	ok
2136	0	0	1	ok
2137	12	12	0	ok
2138	0	48	1	ok
2139	0	206966	1	ok
2140	16	12	0	ok
2141	4	4	0	ok
2142	5	3	0	ok
2143	0	48	1	ok
2144	0	27151	1	ok
2145	11	8	0	ok
2146	3	3	0	ok
2147	4	3	0	ok
2148	0	80	1	ok
2149	0	7164	1	ok
2150	10	10	0	ok
2151	20	9	0	ok
2152	0	0	1	ok
2153	9	9	0	ok
2154	0	2	1	ok
2155	172690	6	0	ok
2156	172690	8	0	ok
2157	172690	1	0	ok
2158	172690	0	0	ok
2159	172690	3101	0	ok
2160	3101	2577	0	ok
2161	13	13	0	ok
2162	0	2	1	ok
2163	28674	6	0	ok
2164	28674	8	0	ok
2165	28674	1	0	ok
2166	28674	0	0	ok
2167	28674	0	0	ok
2168	0	0	0	ok
2169	26	15	0	ok
2170	0	0	1	ok
2171	8	8	0	ok
2172	0	0	0	ok
2173	0	7044	1	ok
2174	0	242722	1	ok
2175	20	9	0	ok
2176	26	15	0	ok
2177	15	3	0	ok
2178	3	3	0	ok
2179	4	4	0	ok
2180	4	3	0	ok
2182	4414	7144	0	ok
2181	7144	7142	0	ok
2183	0	14734	1	ok
2184	33691	10389	0	ok
2185	30384	5567	0	ok
2186	0	0	0	ok
2187	4	4	0	ok
2188	23	23	0	ok
2189	11	11	0	ok
2190	7	7	0	ok
2191	8	8	0	ok
2192	7	7	0	ok
2193	8	8	0	ok
2194	26	26	0	ok
2195	0	0	0	ok
2196	16	11	0	ok
2197	5	5	0	ok
2198	5	5	0	ok
2199	16	11	0	ok
2200	25	10	0	ok
2201	25	15	0	ok
2202	15	15	0	ok
2203	16	11	0	ok
2204	25	10	0	ok
2205	25	15	0	ok
2206	15	15	0	ok
2207	16	11	0	ok
2208	25	10	0	ok
2209	25	15	0	ok
2210	15	15	0	ok
2211	0	72	1	ok
2212	80	58	0	ok
2213	0	332	1	ok
2214	0	286	1	ok
2215	13	6	0	ok
2216	5	5	0	ok
2217	22464	134	0	ok
2218	15	5	0	ok
2219	15	9	0	ok
2220	15	5	0	ok
2221	15	9	0	ok
2222	15	5	0	ok
2223	15	9	0	ok
2224	15	5	0	ok
2225	15	9	0	ok
2226	0	72	1	ok
2227	0	317	1	ok
2228	25	25	0	ok
2229	17	17	0	ok
2230	24	24	0	ok
2231	16	16	0	ok
2232	22	22	0	ok
2233	14	14	0	ok
2234	22	22	0	ok
2235	14	14	0	ok
2236	22	22	0	ok
2237	14	14	0	ok
2238	23	23	0	ok
2239	15	15	0	ok
2240	24	24	0	ok
2241	16	16	0	ok
2242	22	22	0	ok
2243	14	14	0	ok
2244	22	22	0	ok
2245	14	14	0	ok
2246	0	1210	1	ok
2247	0	557	1	ok
2248	9344	7227	0	ok
2249	21	21	0	ok
2250	41	41	0	ok
2251	81	81	0	ok
2252	161	161	0	ok
2253	321	321	0	ok
2254	641	641	0	ok
2255	1281	1281	0	ok
2256	2561	2561	0	ok
2257	5121	5121	0	ok
2258	10241	10241	0	ok
2259	20481	20481	0	ok
2260	0	0	0	ok
2261	0	0	0	ok
2262	0	0	0	ok
2263	131	10	0	ok
2264	0	0	0	ok
2265	0	0	0	ok
2266	34	34	0	ok
2267	46	64	0	ok
2268	1	0	0	ok
2269	0	0	1	ok
2270	46	64	0	ok
2271	1	0	0	ok
2272	0	0	1	ok
2273	0	1426	1	ok
2274	0	1903	1	ok
2275	0	1428	1	ok
2276	0	775	1	ok
2278	30898	8494	0	ok
2279	28326	4421	0	ok
2277	4421	6042	0	ok
2280	1340	1339	0	ok
2281	7	7	0	ok
2282	7	7	0	ok
2283	3	3	0	ok
2284	4	4	0	ok
2285	8	8	0	ok
2286	9	9	0	ok
2287	131	131	0	ok
2288	12	12	0	ok
2289	25	25	0	ok
2290	25	25	0	ok
2291	10	10	0	ok
2292	25	25	0	ok
2293	25	25	0	ok
2294	10	10	0	ok
2295	88	88	0	ok
2296	99	99	0	ok
2297	89	89	0	ok
2298	90	90	0	ok
2299	92	92	0	ok
2300	19	19	0	ok
2301	3	3	0	ok
2302	6	6	0	ok
2303	6	6	0	ok
2304	2	2	0	ok
2305	1	1	0	ok
2306	6	6	0	ok
2307	13	13	0	ok
2308	21	21	0	ok
2309	4	4	0	ok
2310	39	39	0	ok
2311	6	6	0	ok
2312	9	9	0	ok
2313	11	11	0	ok
2314	5	5	0	ok
2315	4	4	0	ok
2316	2	2	0	ok
2317	5	5	0	ok
2318	34	34	0	ok
2319	1	1	0	ok
2320	46	46	0	ok
2321	3	3	0	ok
2322	224	224	0	ok
2323	151	151	0	ok
2324	224	224	0	ok
2325	1	1	0	ok
2326	1	1	0	ok
2327	1	1	0	ok
2328	123	135	0	ok
2329	197	215	0	ok
2330	6	6	0	ok
2331	5	5	0	ok
2332	1	1	0	ok
2333	1	1	0	ok
2334	7	7	0	ok
2335	1	1	0	ok
2336	4	4	0	ok
2337	3	3	0	ok
2338	1	1	0	ok
2339	1	1	0	ok
2340	1	1	0	ok
2341	1	1	0	ok
2342	1	1	0	ok
2343	2	2	0	ok
2344	4	4	0	ok
2345	1	1	0	ok
2346	4	4	0	ok
2347	3	3	0	ok
2348	1	1	0	ok
2349	1	1	0	ok
2350	3	3	0	ok
2351	1	1	0	ok
2352	1	1	0	ok
2353	1	1	0	ok
2354	1	1	0	ok
2355	1	1	0	ok
2356	1	1	0	ok
2357	3	3	0	ok
2358	1	1	0	ok
2359	1	1	0	ok
2360	1	1	0	ok
2361	1	1	0	ok
2362	1	1	0	ok
2363	3	3	0	ok
2364	3	3	0	ok
2365	3	3	0	ok
2366	12	12	0	ok
2367	3	3	0	ok
2368	3	3	0	ok
2369	8	8	0	ok
2370	1	1	0	ok
2371	3	3	0	ok
2372	97	103	0	ok
2373	40	40	0	ok
2374	1	1	0	ok
2375	1	1	0	ok
2376	1	1	0	ok
2377	22	22	0	ok
2378	3	3	0	ok
2379	3	3	0	ok
2380	6	6	0	ok
2381	1	1	0	ok
2382	16	16	0	ok
2383	3	3	0	ok
2384	9	9	0	ok
2385	106	106	0	ok
2386	40	40	0	ok
2387	1	1	0	ok
2388	1	1	0	ok
2389	1	1	0	ok
2390	40	40	0	ok
2391	1	1	0	ok
2392	4	4	0	ok
2393	29	29	0	ok
2394	14	14	0	ok
2395	12	12	0	ok
2396	8	8	0	ok
2397	8	8	0	ok
2398	8	8	0	ok
2399	1	1	0	ok
2400	1	1	0	ok
2401	1382	4134	0	ok
2402	0	274	1	ok
2404	5361	5650	0	ok
2403	5650	5513	0	ok
2405	0	0	1	ok
2407	697	698	0	ok
2406	698	698	0	ok
2408	0	0	0	ok
2409	29	87	0	ok
2410	12	13	0	ok
2411	13	15	0	ok
2412	21	25	0	ok
2413	11	12	0	ok
2414	123	141	0	ok
2415	197	225	0	ok
2416	9	10	0	ok
2417	106	116	0	ok
2418	40	44	0	ok
2419	39	43	0	ok
2420	34	37	0	ok
2421	46	52	0	ok
2422	97	103	0	ok
2423	40	49	0	ok
2424	0	0	0	ok
2425	5983	5983	0	ok
2426	12	12	0	ok
2427	0	48	1	ok
2428	0	40030	1	ok
2429	11	8	0	ok
2430	3	3	0	ok
2431	4	3	0	ok
2432	0	80	1	ok
2433	0	7164	1	ok
2434	11	11	0	ok
2435	9	9	0	ok
2436	0	2	1	ok
2437	40096	6	0	ok
2438	40096	8	0	ok
2439	40096	1	0	ok
2440	40096	0	0	ok
2441	40096	571	0	ok
2442	571	471	0	ok
2443	26	15	0	ok
2444	0	0	1	ok
2445	8	8	0	ok
2446	0	0	0	ok
2447	0	7044	1	ok
2448	0	242722	1	ok
2449	26	15	0	ok
2450	15	3	0	ok
2451	3	3	0	ok
2452	4	4	0	ok
2453	4	3	0	ok
2455	376	766	0	ok
2454	766	764	0	ok
2456	0	8477	1	ok
2457	31447	8721	0	ok
2458	28731	4421	0	ok
2459	0	0	0	ok
2460	4	4	0	ok
2461	23	23	0	ok
2462	11	11	0	ok
2463	7	7	0	ok
2464	8	8	0	ok
2465	7	7	0	ok
2466	8	8	0	ok
2467	26	26	0	ok
2468	0	0	0	ok
2469	16	11	0	ok
2470	5	5	0	ok
2471	5	5	0	ok
2472	16	11	0	ok
2473	25	10	0	ok
2474	25	15	0	ok
2475	15	15	0	ok
2476	16	11	0	ok
2477	25	10	0	ok
2478	25	15	0	ok
2479	15	15	0	ok
2480	16	11	0	ok
2481	25	10	0	ok
2482	25	15	0	ok
2483	15	15	0	ok
2484	0	72	1	ok
2485	80	58	0	ok
2486	0	323	1	ok
2487	0	277	1	ok
2488	13	6	0	ok
2489	5	5	0	ok
2490	22464	134	0	ok
2491	15	5	0	ok
2492	15	9	0	ok
2493	15	5	0	ok
2494	15	9	0	ok
2495	15	5	0	ok
2496	15	9	0	ok
2497	15	5	0	ok
2498	15	9	0	ok
2499	0	72	1	ok
2500	0	44	1	ok
2501	0	44	1	ok
2502	0	44	1	ok
2503	0	44	1	ok
2504	0	371	1	ok
2505	0	325	1	ok
2506	0	325	1	ok
2507	0	325	1	ok
2508	22464	134	0	ok
2509	15	5	0	ok
2510	15	9	0	ok
2511	15	5	0	ok
2512	15	9	0	ok
2513	15	5	0	ok
2514	15	9	0	ok
2515	15	5	0	ok
2516	15	9	0	ok
2517	0	305	1	ok
2518	25	25	0	ok
2519	17	17	0	ok
2520	24	24	0	ok
2521	16	16	0	ok
2522	22	22	0	ok
2523	14	14	0	ok
2524	22	22	0	ok
2525	14	14	0	ok
2526	22	22	0	ok
2527	14	14	0	ok
2528	23	23	0	ok
2529	15	15	0	ok
2530	24	24	0	ok
2531	16	16	0	ok
2532	22	22	0	ok
2533	14	14	0	ok
2534	22	22	0	ok
2535	14	14	0	ok
2536	0	1198	1	ok
2537	0	545	1	ok
2538	9344	7227	0	ok
2539	21	21	0	ok
2540	41	41	0	ok
2541	81	81	0	ok
2542	161	161	0	ok
2543	321	321	0	ok
2544	641	641	0	ok
2545	1281	1281	0	ok
2546	2561	2561	0	ok
2547	5121	5121	0	ok
2548	10241	10241	0	ok
2549	20481	20481	0	ok
2550	0	0	0	ok
2551	0	0	0	ok
2552	0	0	0	ok
2553	131	10	0	ok
2554	0	0	0	ok
2555	0	0	0	ok
2556	34	34	0	ok
2557	46	64	0	ok
2558	1	0	0	ok
2559	0	0	1	ok
2560	46	64	0	ok
2561	1	0	0	ok
2562	0	0	1	ok
2563	0	1414	1	ok
2564	0	50165	1	ok
2565	0	50165	1	ok
2566	0	50165	1	ok
2567	0	50192	1	ok
2568	22	22	0	ok
2569	14	14	0	ok
2570	23	23	0	ok
2571	15	15	0	ok
2572	22	22	0	ok
2573	14	14	0	ok
2574	22	22	0	ok
2575	14	14	0	ok
2576	25	25	0	ok
2577	0	1606	1	ok
2578	0	953	1	ok
2579	22	22	0	ok
2580	14	14	0	ok
2581	22	22	0	ok
2582	14	14	0	ok
2583	25	25	0	ok
2584	17	17	0	ok
2585	21	21	0	ok
2586	13	13	0	ok
2587	24	24	0	ok
2588	16	16	0	ok
2589	24	24	0	ok
2590	16	16	0	ok
2591	24	24	0	ok
2592	16	16	0	ok
2593	16	16	0	ok
2594	0	2276	1	ok
2595	19	19	0	ok
2596	13	13	0	ok
2597	20	20	0	ok
2598	14	14	0	ok
2599	16	16	0	ok
2600	0	2327	1	ok
2601	21	21	0	ok
2602	15	15	0	ok
2603	19	19	0	ok
2604	13	13	0	ok
2605	16	16	0	ok
2606	10	10	0	ok
2607	17	17	0	ok
2608	11	11	0	ok
2609	17	17	0	ok
2610	11	11	0	ok
2611	29	29	0	ok
2612	14	14	0	ok
2613	22	22	0	ok
2614	14	14	0	ok
2615	22	22	0	ok
2616	14	14	0	ok
2617	0	2595	1	ok
2618	0	1740	1	ok
2619	0	1740	1	ok
2620	7	7	0	ok
2621	7	7	0	ok
2622	5	5	0	ok
2623	5	5	0	ok
2624	5	5	0	ok
2625	5	5	0	ok
2626	7	7	0	ok
2627	7	7	0	ok
2628	8	8	0	ok
2629	8	8	0	ok
2630	25	25	0	ok
2631	16	11	0	ok
2632	25	10	0	ok
2633	25	15	0	ok
2634	15	15	0	ok
2635	29	27	0	ok
2636	25	23	0	ok
2638	51035	12241	0	ok
2639	32063	5626	0	ok
2637	5626	8105	0	ok
2640	1340	1339	0	ok
2641	7	7	0	ok
2642	7	7	0	ok
2643	3	3	0	ok
2644	4	4	0	ok
2645	8	8	0	ok
2646	9	9	0	ok
2647	131	131	0	ok
2648	12	12	0	ok
2649	25	25	0	ok
2650	25	25	0	ok
2651	10	10	0	ok
2652	25	25	0	ok
2653	25	25	0	ok
2654	10	10	0	ok
2655	88	88	0	ok
2656	99	99	0	ok
2657	89	89	0	ok
2658	90	90	0	ok
2659	92	92	0	ok
2660	19	19	0	ok
2661	3	3	0	ok
2662	6	6	0	ok
2663	6	6	0	ok
2664	2	2	0	ok
2665	1	1	0	ok
2666	6	6	0	ok
2667	13	13	0	ok
2668	21	21	0	ok
2669	4	4	0	ok
2670	39	39	0	ok
2671	6	6	0	ok
2672	9	9	0	ok
2673	11	11	0	ok
2674	5	5	0	ok
2675	4	4	0	ok
2676	2	2	0	ok
2677	5	5	0	ok
2678	34	34	0	ok
2679	1	1	0	ok
2680	46	46	0	ok
2681	3	3	0	ok
2682	224	224	0	ok
2683	151	151	0	ok
2684	224	224	0	ok
2685	1	1	0	ok
2686	1	1	0	ok
2687	1	1	0	ok
2688	123	135	0	ok
2689	197	215	0	ok
2690	6	6	0	ok
2691	5	5	0	ok
2692	1	1	0	ok
2693	1	1	0	ok
2694	7	7	0	ok
2695	1	1	0	ok
2696	4	4	0	ok
2697	3	3	0	ok
2698	1	1	0	ok
2699	1	1	0	ok
2700	1	1	0	ok
2701	1	1	0	ok
2702	1	1	0	ok
2703	2	2	0	ok
2704	4	4	0	ok
2705	1	1	0	ok
2706	4	4	0	ok
2707	3	3	0	ok
2708	1	1	0	ok
2709	1	1	0	ok
2710	3	3	0	ok
2711	1	1	0	ok
2712	1	1	0	ok
2713	1	1	0	ok
2714	1	1	0	ok
2715	1	1	0	ok
2716	1	1	0	ok
2717	3	3	0	ok
2718	1	1	0	ok
2719	1	1	0	ok
2720	1	1	0	ok
2721	1	1	0	ok
2722	1	1	0	ok
2723	3	3	0	ok
2724	3	3	0	ok
2725	3	3	0	ok
2726	12	12	0	ok
2727	3	3	0	ok
2728	3	3	0	ok
2729	8	8	0	ok
2730	1	1	0	ok
2731	3	3	0	ok
2732	97	103	0	ok
2733	40	40	0	ok
2734	1	1	0	ok
2735	1	1	0	ok
2736	1	1	0	ok
2737	22	22	0	ok
2738	3	3	0	ok
2739	3	3	0	ok
2740	6	6	0	ok
2741	1	1	0	ok
2742	16	16	0	ok
2743	3	3	0	ok
2744	9	9	0	ok
2745	106	106	0	ok
2746	40	40	0	ok
2747	1	1	0	ok
2748	1	1	0	ok
2749	1	1	0	ok
2750	40	40	0	ok
2751	1	1	0	ok
2752	4	4	0	ok
2753	29	29	0	ok
2754	14	14	0	ok
2755	12	12	0	ok
2756	8	8	0	ok
2757	8	8	0	ok
2758	8	8	0	ok
2759	1	1	0	ok
2760	1	1	0	ok
2761	1	1	0	ok
2762	1	1	0	ok
2763	1	1	0	ok
2764	1	1	0	ok
2765	1	1	0	ok
2766	1	1	0	ok
2767	1	1	0	ok
2768	4	4	0	ok
2769	39	39	0	ok
2770	46	46	0	ok
2771	1	1	0	ok
2772	1	1	0	ok
2773	1	1	0	ok
2774	1	1	0	ok
2775	1	1	0	ok
2776	1	1	0	ok
2777	1	1	0	ok
2778	3	3	0	ok
2779	3	3	0	ok
2780	1	1	0	ok
2781	1	1	0	ok
2782	3	3	0	ok
2783	1	1	0	ok
2784	1	1	0	ok
2785	1	1	0	ok
2786	1	1	0	ok
2787	1	1	0	ok
2788	1	1	0	ok
2789	1	1	0	ok
2790	1	1	0	ok
2791	1	1	0	ok
2792	1	1	0	ok
2793	1	1	0	ok
2794	1	1	0	ok
2795	3	3	0	ok
2796	3	3	0	ok
2797	3	3	0	ok
2798	12	12	0	ok
2799	3	3	0	ok
2800	3	3	0	ok
2801	8	8	0	ok
2802	1	1	0	ok
2803	3	3	0	ok
2804	1	1	0	ok
2805	1	1	0	ok
2806	1	1	0	ok
2807	1	1	0	ok
2808	1	1	0	ok
2809	1	1	0	ok
2810	1	1	0	ok
2811	1	1	0	ok
2812	1	1	0	ok
2813	1	1	0	ok
2814	1	1	0	ok
2815	1	1	0	ok
2816	6	20	0	ok
2817	1851	5402	0	ok
2818	0	340	1	ok
2820	6402	6761	0	ok
2819	6761	6591	0	ok
2821	0	0	1	ok
2823	1643	1644	0	ok
2822	1644	1644	0	ok
2824	0	0	0	ok
2825	29	87	0	ok
2826	12	13	0	ok
2827	13	15	0	ok
2828	21	25	0	ok
2829	11	12	0	ok
2830	123	141	0	ok
2831	197	225	0	ok
2832	9	10	0	ok
2833	106	116	0	ok
2834	40	44	0	ok
2835	39	43	0	ok
2836	34	37	0	ok
2837	46	52	0	ok
2838	97	103	0	ok
2839	40	49	0	ok
2840	39	43	0	ok
2841	46	52	0	ok
2842	0	0	0	ok
2843	7294	7294	0	ok
2844	12	12	0	ok
2845	0	48	1	ok
2846	0	155926	1	ok
2847	11	8	0	ok
2848	3	3	0	ok
2849	4	3	0	ok
2850	0	80	1	ok
2851	0	7167	1	ok
2852	10	10	0	ok
2853	9	9	0	ok
2854	0	2	1	ok
2855	139071	6	0	ok
2856	139071	8	0	ok
2857	139071	1	0	ok
2858	139071	0	0	ok
2859	139071	10328	0	ok
2860	10328	8792	0	ok
2861	26	15	0	ok
2862	0	0	1	ok
2863	8	8	0	ok
2864	0	0	0	ok
2865	0	7044	1	ok
2866	0	242722	1	ok
2867	26	15	0	ok
2868	15	3	0	ok
2869	3	3	0	ok
2870	4	4	0	ok
2871	4	3	0	ok
2873	364	734	0	ok
2872	734	732	0	ok
2874	0	8444	1	ok
2875	51584	12468	0	ok
2876	32468	5626	0	ok
2877	144	256	0	ok
2878	14	32	0	ok
2879	13	31	0	ok
2880	14	32	0	ok
2881	13	31	0	ok
2882	13	31	0	ok
2883	16	34	0	ok
2884	14	32	0	ok
2885	64	185	0	ok
2886	16	34	0	ok
2887	297	380	0	ok
2888	12	30	0	ok
2889	14	32	0	ok
2890	14	32	0	ok
2891	13	31	0	ok
2892	14	32	0	ok
2893	15	33	0	ok
2894	16	34	0	ok
2895	13	31	0	ok
2896	12	30	0	ok
2897	11	29	0	ok
2898	15	33	0	ok
2899	16	34	0	ok
2900	15	33	0	ok
2901	14	32	0	ok
2902	14	32	0	ok
2903	14	32	0	ok
2904	16	34	0	ok
2905	0	0	0	ok
2906	4	4	0	ok
2907	23	23	0	ok
2908	11	11	0	ok
2909	7	7	0	ok
2910	8	8	0	ok
2911	7	7	0	ok
2912	8	8	0	ok
2913	26	26	0	ok
2914	0	0	0	ok
2915	16	11	0	ok
2916	5	5	0	ok
2917	5	5	0	ok
2918	16	11	0	ok
2919	25	10	0	ok
2920	25	15	0	ok
2921	15	15	0	ok
2922	16	11	0	ok
2923	25	10	0	ok
2924	25	15	0	ok
2925	15	15	0	ok
2926	16	11	0	ok
2927	25	10	0	ok
2928	25	15	0	ok
2929	15	15	0	ok
2930	0	72	1	ok
2931	80	58	0	ok
2932	0	326	1	ok
2933	0	280	1	ok
2934	13	6	0	ok
2935	5	5	0	ok
2936	22464	134	0	ok
2937	15	5	0	ok
2938	15	9	0	ok
2939	15	5	0	ok
2940	15	9	0	ok
2941	15	5	0	ok
2942	15	9	0	ok
2943	15	5	0	ok
2944	15	9	0	ok
2945	0	72	1	ok
2946	0	309	1	ok
2947	25	25	0	ok
2948	17	17	0	ok
2949	24	24	0	ok
2950	16	16	0	ok
2951	22	22	0	ok
2952	14	14	0	ok
2953	22	22	0	ok
2954	14	14	0	ok
2955	22	22	0	ok
2956	14	14	0	ok
2957	23	23	0	ok
2958	15	15	0	ok
2959	24	24	0	ok
2960	16	16	0	ok
2961	22	22	0	ok
2962	14	14	0	ok
2963	22	22	0	ok
2964	14	14	0	ok
2965	0	1202	1	ok
2966	0	549	1	ok
2967	9344	7227	0	ok
2968	21	21	0	ok
2969	41	41	0	ok
2970	81	81	0	ok
2971	161	161	0	ok
2972	321	321	0	ok
2973	641	641	0	ok
2974	1281	1281	0	ok
2975	2561	2561	0	ok
2976	5121	5121	0	ok
2977	10241	10241	0	ok
2978	20481	20481	0	ok
2979	0	0	0	ok
2980	0	0	0	ok
2981	0	0	0	ok
2982	131	10	0	ok
2983	0	0	0	ok
2984	0	0	0	ok
2985	34	34	0	ok
2986	46	64	0	ok
2987	1	0	0	ok
2988	0	0	1	ok
2989	46	64	0	ok
2990	1	0	0	ok
2991	0	0	1	ok
2992	0	1880	1	ok
2993	0	1037	1	ok
2994	0	1860	1	ok
2995	0	1033	1	ok
2996	0	1033	1	ok
2997	0	1037	1	ok
2998	0	1418	1	ok
2999	36	36	0	ok
3000	0	1536	1	ok
3001	22	22	0	ok
3002	14	14	0	ok
3003	22	22	0	ok
3004	14	14	0	ok
3005	22	22	0	ok
3006	14	14	0	ok
3007	23	23	0	ok
3008	15	15	0	ok
3009	22	22	0	ok
3010	14	14	0	ok
3011	20	20	0	ok
3012	12	12	0	ok
3013	22	22	0	ok
3014	14	14	0	ok
3015	21	21	0	ok
3016	13	13	0	ok
3017	22	22	0	ok
3018	14	14	0	ok
3019	21	21	0	ok
3020	13	13	0	ok
3021	24	24	0	ok
3022	16	16	0	ok
3023	24	24	0	ok
3024	16	16	0	ok
3025	24	24	0	ok
3026	16	16	0	ok
3027	28	28	0	ok
3028	20	20	0	ok
3029	26	26	0	ok
3030	0	1412	1	ok
3031	0	1412	1	ok
3032	0	1416	1	ok
3033	0	1415	1	ok
3034	0	1411	1	ok
3035	29	29	0	ok
3036	14	14	0	ok
3037	17	17	0	ok
3038	11	11	0	ok
3039	23	23	0	ok
3040	0	2581	1	ok
3041	21	21	0	ok
3042	15	15	0	ok
3043	19	19	0	ok
3044	13	13	0	ok
3045	18	18	0	ok
3046	12	12	0	ok
3047	18	18	0	ok
3048	12	12	0	ok
3049	18	18	0	ok
3050	12	12	0	ok
3051	18	18	0	ok
3052	12	12	0	ok
3053	20	20	0	ok
3054	14	14	0	ok
3055	21	21	0	ok
3056	15	15	0	ok
3057	9	9	0	ok
3058	9	9	0	ok
3059	7	7	0	ok
3060	7	7	0	ok
3061	9	9	0	ok
3062	9	9	0	ok
3063	7	7	0	ok
3064	7	7	0	ok
3065	9	9	0	ok
3066	9	9	0	ok
3067	4	4	0	ok
3068	4	4	0	ok
3069	5	5	0	ok
3070	5	5	0	ok
3071	7	7	0	ok
3072	7	7	0	ok
3073	7	7	0	ok
3074	7	7	0	ok
3075	8	8	0	ok
3076	8	8	0	ok
3077	7	7	0	ok
3078	7	7	0	ok
3079	7	7	0	ok
3080	7	7	0	ok
3081	9	9	0	ok
3082	9	9	0	ok
3083	10	10	0	ok
3084	10	10	0	ok
3085	9	9	0	ok
3086	9	9	0	ok
3087	10	10	0	ok
3088	10	10	0	ok
3089	8	8	0	ok
3090	8	8	0	ok
3091	25	7	0	ok
3092	57	49	0	ok
3093	195	286	0	ok
3094	195	208	0	ok
3095	57	61	0	ok
3096	0	2352	1	ok
3097	0	2385	1	ok
3098	0	2387	1	ok
3099	0	2349	1	ok
3100	0	2350	1	ok
3101	0	2351	1	ok
3102	0	2415	1	ok
3103	0	2450	1	ok
3104	0	2411	1	ok
3105	0	2446	1	ok
3106	0	2413	1	ok
3107	0	2448	1	ok
3108	0	2414	1	ok
3109	0	2415	1	ok
3110	0	2453	1	ok
3111	0	2449	1	ok
3112	0	2451	1	ok
3113	0	2418	1	ok
3114	18	18	0	ok
3115	12	12	0	ok
3116	20	20	0	ok
3117	14	14	0	ok
3118	18	18	0	ok
3119	12	12	0	ok
3120	20	20	0	ok
3121	14	14	0	ok
3122	19	19	0	ok
3123	13	13	0	ok
3124	22	22	0	ok
3125	14	14	0	ok
3126	22	22	0	ok
3127	14	14	0	ok
3128	19	19	0	ok
3129	13	13	0	ok
3130	20	20	0	ok
3131	14	14	0	ok
3133	38456	11959	0	ok
3134	35006	7212	0	ok
3132	7212	11549	0	ok
3135	1340	1339	0	ok
3136	3	3	0	ok
3137	7	7	0	ok
3138	7	7	0	ok
3139	4	4	0	ok
3140	8	8	0	ok
3141	9	9	0	ok
3142	131	131	0	ok
3143	12	12	0	ok
3144	25	25	0	ok
3145	25	25	0	ok
3146	10	10	0	ok
3147	25	25	0	ok
3148	25	25	0	ok
3149	10	10	0	ok
3150	88	88	0	ok
3151	99	99	0	ok
3152	89	89	0	ok
3153	90	90	0	ok
3154	92	92	0	ok
3155	19	19	0	ok
3156	3	3	0	ok
3157	6	6	0	ok
3158	6	6	0	ok
3159	2	2	0	ok
3160	1	1	0	ok
3161	6	6	0	ok
3162	13	13	0	ok
3163	21	21	0	ok
3164	4	4	0	ok
3165	39	39	0	ok
3166	6	6	0	ok
3167	9	9	0	ok
3168	11	11	0	ok
3169	5	5	0	ok
3170	4	4	0	ok
3171	2	2	0	ok
3172	5	5	0	ok
3173	34	34	0	ok
3174	1	1	0	ok
3175	46	46	0	ok
3176	3	3	0	ok
3177	224	224	0	ok
3178	151	151	0	ok
3179	224	224	0	ok
3180	1	1	0	ok
3181	1	1	0	ok
3182	1	1	0	ok
3183	123	135	0	ok
3184	197	215	0	ok
3185	6	6	0	ok
3186	5	5	0	ok
3187	1	1	0	ok
3188	1	1	0	ok
3189	7	7	0	ok
3190	1	1	0	ok
3191	4	4	0	ok
3192	3	3	0	ok
3193	1	1	0	ok
3194	1	1	0	ok
3195	1	1	0	ok
3196	1	1	0	ok
3197	1	1	0	ok
3198	2	2	0	ok
3199	4	4	0	ok
3200	1	1	0	ok
3201	4	4	0	ok
3202	3	3	0	ok
3203	1	1	0	ok
3204	1	1	0	ok
3205	3	3	0	ok
3206	1	1	0	ok
3207	1	1	0	ok
3208	1	1	0	ok
3209	1	1	0	ok
3210	1	1	0	ok
3211	1	1	0	ok
3212	3	3	0	ok
3213	1	1	0	ok
3214	1	1	0	ok
3215	1	1	0	ok
3216	1	1	0	ok
3217	1	1	0	ok
3218	3	3	0	ok
3219	3	3	0	ok
3220	3	3	0	ok
3221	12	12	0	ok
3222	3	3	0	ok
3223	3	3	0	ok
3224	8	8	0	ok
3225	1	1	0	ok
3226	3	3	0	ok
3227	97	103	0	ok
3228	40	40	0	ok
3229	1	1	0	ok
3230	1	1	0	ok
3231	1	1	0	ok
3232	22	22	0	ok
3233	3	3	0	ok
3234	3	3	0	ok
3235	6	6	0	ok
3236	1	1	0	ok
3237	16	16	0	ok
3238	3	3	0	ok
3239	9	9	0	ok
3240	106	106	0	ok
3241	40	40	0	ok
3242	1	1	0	ok
3243	1	1	0	ok
3244	1	1	0	ok
3245	40	40	0	ok
3246	1	1	0	ok
3247	4	4	0	ok
3248	29	29	0	ok
3249	14	14	0	ok
3250	12	12	0	ok
3251	3	3	0	ok
3252	8	8	0	ok
3253	8	8	0	ok
3254	1	1	0	ok
3255	1	1	0	ok
3256	1961	5702	0	ok
3257	0	356	1	ok
3259	7832	8227	0	ok
3258	8227	8049	0	ok
3260	0	0	1	ok
3262	2325	2328	0	ok
3261	2328	2328	0	ok
3263	0	0	0	ok
3264	29	87	0	ok
3265	12	13	0	ok
3266	13	15	0	ok
3267	21	25	0	ok
3268	11	12	0	ok
3269	123	141	0	ok
3270	197	225	0	ok
3271	9	10	0	ok
3272	106	116	0	ok
3273	40	44	0	ok
3274	39	43	0	ok
3275	34	37	0	ok
3276	46	52	0	ok
3277	97	103	0	ok
3278	40	49	0	ok
3279	0	0	0	ok
3280	8519	8519	0	ok
3281	12	12	0	ok
3282	0	48	1	ok
3283	0	79967	1	ok
3284	16	12	0	ok
3285	4	4	0	ok
3286	5	3	0	ok
3287	0	48	1	ok
3288	0	36766	1	ok
3289	10	10	0	ok
3290	0	0	1	ok
3291	0	262806	1	ok
3292	0	0	1	ok
3293	11	8	0	ok
3294	3	3	0	ok
3295	4	3	0	ok
3296	0	80	1	ok
3297	0	8804	1	ok
3298	10	10	0	ok
3299	9	9	0	ok
3300	0	2	1	ok
3301	67244	6	0	ok
3302	67244	8	0	ok
3303	67244	1	0	ok
3304	67244	0	0	ok
3306	67244	9511	0	ok
3305	9511	8047	0	ok
3307	13	13	0	ok
3308	0	2	1	ok
3309	39394	6	0	ok
3310	39394	8	0	ok
3311	39394	1	0	ok
3312	39394	0	0	ok
3313	39394	0	0	ok
3314	0	0	0	ok
3315	20	10	0	ok
3316	0	0	1	ok
3317	26	15	0	ok
3318	0	0	1	ok
3319	8	8	0	ok
3320	0	0	0	ok
3321	0	7044	1	ok
3322	0	242722	1	ok
3323	20	10	0	ok
3324	26	15	0	ok
3325	15	3	0	ok
3326	3	3	0	ok
3327	4	4	0	ok
3328	4	3	0	ok
3329	95	89	0	ok
3330	219	201	0	ok
3331	402	326	0	ok
3332	165	137	0	ok
3333	39	37	0	ok
3334	0	9306	1	ok
3335	39006	12186	0	ok
3336	35411	7212	0	ok
3337	345	357	0	ok
