3aa5b0563c270a6658e9dc05566fd274a2ea04ac2001da7d1cce09d7e8cda7da	0dfeb10bfb0e1df29aed0ac360ef08d248ad6e2a2d73bf93997ae3440a31dc91	compile-unit	package:path+native#crunch-spacewasm-core@0.1.0	target:x86_64-unknown-linux-musl:crunch-spacewasm-core	producers=3	missing_producers=0	
8fc1a11d5e4a043e544b32bc73b9136dd5a0ae2e37e7037ca368e8fd868f8fe3	2249cdd3836c51ea718b49101104f2496e817a2858a3a5f9bec60e304544aeda	compile-unit	package:registry+https://github.com/rust-lang/crates.io-index#phf_shared@0.11.3	target:x86_64-unknown-linux-musl:phf_shared	producers=1	missing_producers=0	
839e20e23f51c2e58a9b404449714373a60392bb7ddc2132ff219e53464c23aa	3a0e1ffb78736b6040abe5bbbd27d36bc0a6148eb8102a668046072c6fe2c19b	compile-unit	package:registry+https://github.com/rust-lang/crates.io-index#synstructure@0.13.2	target:x86_64-unknown-linux-musl:synstructure	producers=3	missing_producers=0	
db67d2cb93e983af950191667ffd06e39f8d031d1aca179035e0fe98ae6d46d9	5df2d3978af6b21253a0a237efb5e94b845f778de0deadc7f3973130cc3b3cdd	compile-unit	package:path+native#crunch-rustc-wrapper@0.1.0	target:x86_64-unknown-linux-musl:mantle-rustc-manifest	producers=11	missing_producers=0	
9b87744fe53865422b6a2d92f5ca37a43c89729d7cd233ed275ce95de2b6684c	68ba57b4a976a1f069cfe3979d66330b0bd56a061f75b70adc84a04eb8ed1392	compile-unit	package:path+native#crunch-rustc-wrapper@0.1.0	target:x86_64-unknown-linux-musl:mantle-rust-cache-daemon	producers=11	missing_producers=0	
b724e2b7bded33d0083366c57e99895f54c5e0f509f80102e645c9df50f0282f	7805b66b2ea291e46458e001ead385cb3a60d02894fbc58e356cdf393eaa336a	compile-unit	package:registry+https://github.com/rust-lang/crates.io-index#derive_builder_core@0.20.2	target:x86_64-unknown-linux-musl:derive_builder_core	producers=4	missing_producers=0	
d49417a76433368937cdea9ba2da6e9bdf6ed5c9a507b7bbecfebdba4dc648f3	862f6b2e49adafe82144aebb957ce1ba868a932daa07a02a5ef48acafbec5d4f	compile-unit	package:registry+https://github.com/rust-lang/crates.io-index#darling_core@0.23.0	target:x86_64-unknown-linux-musl:darling_core	producers=5	missing_producers=0	
1836cdcaa955e60f5c048ebd0263b623e69f3a275b1b3590f3039ad876926584	8fc43b9b29a91ff94d33a76b4ddd55650ee850e0da09b9d03a4d5a891014b798	compile-unit	package:registry+https://github.com/rust-lang/crates.io-index#petgraph@0.7.1	target:x86_64-unknown-linux-musl:petgraph	producers=2	missing_producers=0	
d9645627252cdbcfc0c9df8b09ce738bd496605c49f4fb7ba1375801a4ac48a2	9125073e18b59311c38fec55c0d23a41e641d0ada7124eafa4b418d7deca6b8b	compile-unit	package:registry+https://github.com/rust-lang/crates.io-index#pkg-config@0.3.32	target:x86_64-unknown-linux-musl:pkg_config	producers=0	missing_producers=0	
a2f1df99158d89765e043e5d157423329592ec755b8ff71faf1ad1818baf544a	b063d8285526cba16fa487fddfd42ba1a126dcd9d3da6e7622f207164a0ca85d	compile-unit	package:registry+https://github.com/rust-lang/crates.io-index#precomputed-hash@0.1.1	target:x86_64-unknown-linux-musl:precomputed-hash	producers=0	missing_producers=0	
8a235fb93c2a146eed3b35c52bf587123e60842932b7a69805ec4ed018e5167a	b6c36792a837fcb531bc00be887efd2763d5734c7b0d0c397492f394c65ac4c5	compile-unit	package:registry+https://github.com/rust-lang/crates.io-index#sha3@0.10.8	target:x86_64-unknown-linux-musl:sha3	producers=2	missing_producers=0	
fbeb7a034ef28274c065ba4da10440b78a341bdfe006ed2b326290753da6338e	c5ff41e3fda261ecbd03f8795c731c69a697f46dcbf0d86022fad28d669b5317	compile-unit	package:registry+https://github.com/rust-lang/crates.io-index#string_cache@0.8.9	target:x86_64-unknown-linux-musl:string_cache	producers=4	missing_producers=2	8fc1a11d5e4a043e544b32bc73b9136dd5a0ae2e37e7037ca368e8fd868f8fe3,a2f1df99158d89765e043e5d157423329592ec755b8ff71faf1ad1818baf544a
ec257f0380b33132bd12856e4be31f899082dc1c2b40ce35624e21eb3751662f	c640f529a4da0786692076a26d0e6e9e9cc53496e95c1d18361e63485effc455	compile-unit	package:registry+https://github.com/rust-lang/crates.io-index#logos-codegen@0.15.1	target:x86_64-unknown-linux-musl:logos_codegen	producers=8	missing_producers=0	
c95340a3bbcc6b7bed7ebf22c5ad8d7af6fc0dbf34036f4c57e3b5a2f0ea3125	d90d83337d0520e4dd42d4a945714ae4ed60dd62b0a668da9da22e99198f56a9	compile-unit	package:registry+https://github.com/rust-lang/crates.io-index#lalrpop@0.22.2	target:x86_64-unknown-linux-musl:lalrpop	producers=14	missing_producers=4	1836cdcaa955e60f5c048ebd0263b623e69f3a275b1b3590f3039ad876926584,8a235fb93c2a146eed3b35c52bf587123e60842932b7a69805ec4ed018e5167a,fbeb7a034ef28274c065ba4da10440b78a341bdfe006ed2b326290753da6338e,257cc06c975fecdf8db4f456cd3ea565b1012eb44b4feb472a0cfd395cef0d6a
5b1c3e1234f1090bce4f9eb4319d21ee8d0dca727f92556a3fda2343d6966cde	de345e1215ea1be0c5c83888b009a467d8d659516ea6053267a6ad3ca1d294e7	compile-unit	package:path+native#crunch-spacewasm@0.1.0	target:x86_64-unknown-linux-musl:crunch-spacewasm	producers=5	missing_producers=1	3aa5b0563c270a6658e9dc05566fd274a2ea04ac2001da7d1cce09d7e8cda7da
5ee507dabc57667c94c210592c7c788855503d8e84d61932fa28ea3433c71f6f	e6ab94cc6be0b493bad0b837fb6444b37f1516fa21e231f1c1303fac05e1ff74	compile-unit	package:registry+https://github.com/rust-lang/crates.io-index#heck@0.4.1	target:x86_64-unknown-linux-musl:heck	producers=0	missing_producers=0	
7adf798ca41ff71216dff799b2545b99eb18744f485f4be32f00615a58786068	e8a0694461ff4ea776b17805ff453a5ec3fcf873736a6bd3933cae1e070d8246	compile-unit	package:registry+https://github.com/rust-lang/crates.io-index#darling@0.23.0	target:x86_64-unknown-linux-musl:darling	producers=2	missing_producers=1	d49417a76433368937cdea9ba2da6e9bdf6ed5c9a507b7bbecfebdba4dc648f3
8b260d6c600d3f4fecd7af0b97f3dee3d74a7137ab688c5570824fb00bf734a9	eaad669b0823561519b74dc4f9ccce1fb9316832b0995542b58c05e61f0f19a3	compile-unit	package:path+native#crunch-spacewasm@0.1.0	target:x86_64-unknown-linux-musl:mantle-spacewasm-reference	producers=6	missing_producers=2	3aa5b0563c270a6658e9dc05566fd274a2ea04ac2001da7d1cce09d7e8cda7da,5b1c3e1234f1090bce4f9eb4319d21ee8d0dca727f92556a3fda2343d6966cde
09aae109c3ac264ad4cffd1a7e77bfffd2f435bc0c74bdfa94dc083e13961914	f4e86f30f1baf2a2212480095e61b10151f24f7f0f469cd60f0d2b9091c2c65c	compile-unit	package:path+native#mantle@0.1.0	target:x86_64-unknown-linux-musl:mantle	producers=62	missing_producers=0	
257cc06c975fecdf8db4f456cd3ea565b1012eb44b4feb472a0cfd395cef0d6a	ff7fd0106b56fca5886dd6dd22f7c75ba2ac8defe374237dd31cb754d4a8efbd	compile-unit	package:registry+https://github.com/rust-lang/crates.io-index#pico-args@0.5.0	target:x86_64-unknown-linux-musl:pico-args	producers=0	missing_producers=0	
