0	0	0	ok
0	0	0	ok
0	0	0	ok
0	0	0	ok
0	0	1	ok
0	0	1	ok
0	0	1	ok
0	28	1	ok
0	72	1	ok
0	184	1	ok
0	242	1	ok
0	262	1	ok
0	308	1	ok
0	316	1	ok
0	803	1	ok
0	1192	1	ok
0	1193	1	ok
0	1456	1	ok
0	1706	1	ok
0	1710	1	ok
0	1752	1	ok
0	2684	1	ok
0	2694	1	ok
0	2734	1	ok
0	6331	1	ok
2	1	0	ok
2	1	0	ok
4	3	0	ok
4	4	0	ok
5	5	0	ok
5	5	0	ok
5	5	0	ok
6	6	0	ok
7	7	0	ok
7	7	0	ok
8	8	0	ok
8	8	0	ok
11	11	0	ok
12	12	0	ok
12	12	0	ok
12	12	0	ok
12	12	0	ok
12	12	0	ok
12	12	0	ok
12	12	0	ok
12	12	0	ok
12	12	0	ok
12	12	0	ok
13	13	0	ok
13	13	0	ok
13	13	0	ok
13	13	0	ok
13	13	0	ok
14	14	0	ok
14	14	0	ok
14	14	0	ok
14	14	0	ok
14	14	0	ok
14	14	0	ok
14	14	0	ok
14	14	0	ok
14	14	0	ok
14	14	0	ok
14	14	0	ok
14	14	0	ok
14	14	0	ok
14	14	0	ok
15	15	0	ok
15	15	0	ok
15	15	0	ok
15	15	0	ok
15	15	0	ok
16	11	0	ok
16	11	0	ok
16	11	0	ok
16	16	0	ok
16	16	0	ok
16	16	0	ok
16	16	0	ok
17	17	0	ok
17	17	0	ok
17	19	0	ok
18	18	0	ok
18	18	0	ok
18	18	0	ok
18	18	0	ok
18	18	0	ok
18	18	0	ok
18	18	0	ok
18	18	0	ok
19	18	0	ok
19	19	0	ok
19	19	0	ok
19	19	0	ok
19	19	0	ok
19	19	0	ok
19	19	0	ok
19	19	0	ok
19	19	0	ok
20	20	0	ok
20	20	0	ok
21	21	0	ok
22	22	0	ok
22	22	0	ok
22	22	0	ok
22	22	0	ok
22	22	0	ok
22	22	0	ok
22	22	0	ok
22	22	0	ok
22	22	0	ok
22	22	0	ok
22	22	0	ok
22	22	0	ok
22	22	0	ok
22	22	0	ok
22	22	0	ok
23	23	0	ok
23	23	0	ok
23	23	0	ok
24	24	0	ok
24	24	0	ok
24	24	0	ok
24	24	0	ok
25	7	0	ok
25	8	0	ok
25	10	0	ok
25	10	0	ok
25	10	0	ok
25	15	0	ok
25	15	0	ok
25	25	0	ok
25	25	0	ok
25	25	0	ok
25	25	0	ok
25	25	0	ok
26	26	0	ok
26	26	0	ok
28	28	0	ok
29	87	0	ok
80	58	0	ok
126	123	0	ok
272	4	0	ok
633	682	0	ok
920	2760	0	ok
1352	1351	0	ok
1654	1654	0	ok
1659	1654	0	ok
3609	3805	0	ok
3805	3713	0	ok
4183	4183	0	ok
4289	6416	0	ok
21018	4289	0	ok
21392	4289	0	ok
22845	6649	0	ok
23363	6848	0	ok
17	0	1	rejected:mixed-input-authority
