0	0	0	ok:protected-sed
0	0	0	ok:protected-sed
0	0	0	ok:protected-sed
0	0	0	ok:protected-sed
0	0	0	ok:protected-sed
0	0	0	ok:protected-sed
0	0	0	ok:protected-sed
0	0	0	ok:protected-sed
0	0	0	ok:protected-sed
0	0	0	ok:protected-sed
0	0	0	ok:protected-sed
0	0	0	ok:protected-sed
0	0	0	ok:protected-sed
0	0	0	ok:protected-sed
0	0	0	ok:protected-sed
0	0	0	ok:protected-sed
0	0	0	ok:protected-sed
0	0	0	ok:protected-sed
0	0	0	ok:protected-sed
0	0	0	ok:protected-sed
0	0	0	ok:protected-sed
0	0	0	ok:protected-sed
0	0	0	ok:protected-sed
0	0	0	ok:protected-sed
0	0	0	ok:protected-sed
0	0	0	ok:protected-sed
0	0	0	ok:protected-sed
0	0	0	ok:protected-sed
0	0	0	ok:protected-sed
0	0	0	ok:protected-sed
0	0	0	ok:protected-sed
0	0	0	ok:protected-sed
0	0	0	ok:protected-sed
0	0	0	ok:protected-sed
0	0	0	ok:protected-sed
0	0	0	ok:protected-sed
0	0	0	ok:protected-sed
0	0	0	ok:protected-sed
0	0	0	ok:protected-sed
0	0	0	ok:protected-sed
0	0	0	ok:protected-sed
0	0	0	ok:protected-sed
0	0	0	ok:protected-sed
0	0	0	ok:protected-sed
0	0	0	ok:protected-sed
0	0	0	ok:protected-sed
0	0	0	ok:protected-sed
0	0	0	ok:protected-sed
0	0	0	ok:protected-sed
0	0	0	ok:protected-sed
0	0	0	ok:protected-sed
0	0	0	ok:protected-sed
0	0	0	ok:protected-sed
0	0	0	ok:protected-sed
0	0	0	ok:protected-sed
0	0	0	ok:protected-sed
0	0	0	ok:protected-sed
0	0	0	ok:protected-sed
0	0	0	ok:protected-sed
0	0	0	ok:protected-sed
0	0	0	ok:protected-sed
0	0	0	ok:protected-sed
0	0	0	ok:protected-sed
0	0	0	ok:protected-sed
0	0	0	ok:protected-sed
0	0	0	ok:protected-sed
0	0	0	ok:protected-sed
0	0	0	ok:protected-sed
0	0	0	ok:protected-sed
0	0	0	ok:protected-sed
0	0	0	ok:protected-sed
0	0	0	ok:protected-sed
0	0	0	ok:protected-sed
0	0	0	ok:protected-sed
0	0	0	ok:protected-sed
0	0	0	ok:protected-sed
0	0	0	ok:protected-sed
0	0	0	ok:protected-sed
0	0	0	ok:protected-sed
0	0	0	ok:protected-sed
0	0	0	ok:protected-sed
0	0	0	ok:protected-sed
0	0	0	ok:protected-sed
0	0	0	ok:protected-sed
0	0	0	ok:protected-sed
0	0	0	ok:protected-sed
0	0	0	ok:protected-sed
0	0	0	ok:protected-sed
0	0	0	ok:protected-sed
0	0	0	ok:protected-sed
0	0	0	ok:protected-sed
0	0	0	ok:protected-sed
0	0	0	ok:protected-sed
0	0	0	ok:protected-sed
0	0	0	ok:protected-sed
0	0	0	ok:protected-sed
0	0	0	ok:protected-sed
0	0	0	ok:protected-sed
0	0	0	ok:protected-sed
0	0	0	ok:protected-sed
0	0	0	ok:protected-sed
0	0	0	ok:protected-sed
0	0	0	ok:protected-sed
0	0	0	ok:protected-sed
0	0	1	ok:protected-sed
0	0	1	ok:protected-sed
0	0	1	ok:protected-sed
0	0	1	ok:protected-sed
0	0	1	ok:protected-sed
0	0	1	ok:protected-sed
0	0	1	ok:protected-sed
0	0	1	ok:protected-sed
0	0	1	ok:protected-sed
0	0	1	ok:protected-sed
0	0	1	ok:protected-sed
0	0	1	ok:protected-sed
0	0	1	ok:protected-sed
0	0	1	ok:protected-sed
0	0	1	ok:protected-sed
0	0	1	ok:protected-sed
0	0	1	ok:protected-sed
0	0	1	ok:protected-sed
0	0	1	ok:protected-sed
0	0	1	ok:protected-sed
0	0	1	ok:protected-sed
0	0	1	ok:protected-sed
0	0	1	ok:protected-sed
0	0	1	ok:protected-sed
0	0	1	ok:protected-sed
0	0	1	ok:protected-sed
0	0	1	ok:protected-sed
0	0	1	ok:protected-sed
0	0	1	ok:protected-sed
0	0	1	ok:protected-sed
0	0	1	ok:protected-sed
0	0	1	ok:protected-sed
0	0	1	ok:protected-sed
0	0	1	ok:protected-sed
0	0	1	ok:protected-sed
0	0	1	ok:protected-sed
0	0	1	ok:protected-sed
0	0	1	ok:protected-sed
0	0	1	ok:protected-sed
0	0	1	ok:protected-sed
0	0	1	ok:protected-sed
0	0	1	ok:protected-sed
0	0	1	ok:protected-sed
0	0	1	ok:protected-sed
0	2	1	ok:protected-sed
0	2	1	ok:protected-sed
0	2	1	ok:protected-sed
0	2	1	ok:protected-sed
0	2	1	ok:protected-sed
0	2	1	ok:protected-sed
0	2	1	ok:protected-sed
0	2	1	ok:protected-sed
0	2	1	ok:protected-sed
0	2	1	ok:protected-sed
0	2	1	ok:protected-sed
0	2	1	ok:protected-sed
0	28	1	ok:protected-sed
0	44	1	ok:protected-sed
0	44	1	ok:protected-sed
0	44	1	ok:protected-sed
0	44	1	ok:protected-sed
0	48	1	ok:protected-sed
0	48	1	ok:protected-sed
0	48	1	ok:protected-sed
0	48	1	ok:protected-sed
0	48	1	ok:protected-sed
0	48	1	ok:protected-sed
0	48	1	ok:protected-sed
0	48	1	ok:protected-sed
0	48	1	ok:protected-sed
0	48	1	ok:protected-sed
0	48	1	ok:protected-sed
0	48	1	ok:protected-sed
0	72	1	ok:protected-sed
0	72	1	ok:protected-sed
0	72	1	ok:protected-sed
0	72	1	ok:protected-sed
0	72	1	ok:protected-sed
0	72	1	ok:protected-sed
0	72	1	ok:protected-sed
0	72	1	ok:protected-sed
0	72	1	ok:protected-sed
0	72	1	ok:protected-sed
0	72	1	ok:protected-sed
0	72	1	ok:protected-sed
0	72	1	ok:protected-sed
0	72	1	ok:protected-sed
0	72	1	ok:protected-sed
0	72	1	ok:protected-sed
0	72	1	ok:protected-sed
0	80	1	ok:protected-sed
0	80	1	ok:protected-sed
0	80	1	ok:protected-sed
0	80	1	ok:protected-sed
0	80	1	ok:protected-sed
0	80	1	ok:protected-sed
0	80	1	ok:protected-sed
0	158	1	ok:protected-sed
0	184	1	ok:protected-sed
0	242	1	ok:protected-sed
0	242	1	ok:protected-sed
0	250	1	ok:protected-sed
0	262	1	ok:protected-sed
0	262	1	ok:protected-sed
0	274	1	ok:protected-sed
0	277	1	ok:protected-sed
0	280	1	ok:protected-sed
0	280	1	ok:protected-sed
0	280	1	ok:protected-sed
0	286	1	ok:protected-sed
0	292	1	ok:protected-sed
0	293	1	ok:protected-sed
0	295	1	ok:protected-sed
0	305	1	ok:protected-sed
0	308	1	ok:protected-sed
0	308	1	ok:protected-sed
0	309	1	ok:protected-sed
0	309	1	ok:protected-sed
0	309	1	ok:protected-sed
0	312	1	ok:protected-sed
0	312	1	ok:protected-sed
0	313	1	ok:protected-sed
0	316	1	ok:protected-sed
0	317	1	ok:protected-sed
0	323	1	ok:protected-sed
0	325	1	ok:protected-sed
0	325	1	ok:protected-sed
0	325	1	ok:protected-sed
0	325	1	ok:protected-sed
0	326	1	ok:protected-sed
0	326	1	ok:protected-sed
0	326	1	ok:protected-sed
0	329	1	ok:protected-sed
0	330	1	ok:protected-sed
0	332	1	ok:protected-sed
0	338	1	ok:protected-sed
0	340	1	ok:protected-sed
0	341	1	ok:protected-sed
0	356	1	ok:protected-sed
0	356	1	ok:protected-sed
0	359	1	ok:protected-sed
0	371	1	ok:protected-sed
0	482	1	ok:protected-sed
0	483	1	ok:protected-sed
0	484	1	ok:protected-sed
0	545	1	ok:protected-sed
0	549	1	ok:protected-sed
0	549	1	ok:protected-sed
0	549	1	ok:protected-sed
0	557	1	ok:protected-sed
0	565	1	ok:protected-sed
0	569	1	ok:protected-sed
0	589	1	ok:protected-sed
0	704	1	ok:protected-sed
0	757	1	ok:protected-sed
0	775	1	ok:protected-sed
0	803	1	ok:protected-sed
0	878	1	ok:protected-sed
0	931	1	ok:protected-sed
0	953	1	ok:protected-sed
0	1023	1	ok:protected-sed
0	1023	1	ok:protected-sed
0	1033	1	ok:protected-sed
0	1033	1	ok:protected-sed
0	1033	1	ok:protected-sed
0	1033	1	ok:protected-sed
0	1037	1	ok:protected-sed
0	1037	1	ok:protected-sed
0	1037	1	ok:protected-sed
0	1037	1	ok:protected-sed
0	1054	1	ok:protected-sed
0	1055	1	ok:protected-sed
0	1058	1	ok:protected-sed
0	1064	1	ok:protected-sed
0	1107	1	ok:protected-sed
0	1135	1	ok:protected-sed
0	1192	1	ok:protected-sed
0	1193	1	ok:protected-sed
0	1198	1	ok:protected-sed
0	1202	1	ok:protected-sed
0	1202	1	ok:protected-sed
0	1202	1	ok:protected-sed
0	1210	1	ok:protected-sed
0	1218	1	ok:protected-sed
0	1222	1	ok:protected-sed
0	1411	1	ok:protected-sed
0	1411	1	ok:protected-sed
0	1412	1	ok:protected-sed
0	1412	1	ok:protected-sed
0	1412	1	ok:protected-sed
0	1412	1	ok:protected-sed
0	1414	1	ok:protected-sed
0	1415	1	ok:protected-sed
0	1415	1	ok:protected-sed
0	1416	1	ok:protected-sed
0	1416	1	ok:protected-sed
0	1418	1	ok:protected-sed
0	1418	1	ok:protected-sed
0	1418	1	ok:protected-sed
0	1426	1	ok:protected-sed
0	1428	1	ok:protected-sed
0	1438	1	ok:protected-sed
0	1456	1	ok:protected-sed
0	1536	1	ok:protected-sed
0	1536	1	ok:protected-sed
0	1606	1	ok:protected-sed
0	1625	1	ok:protected-sed
0	1706	1	ok:protected-sed
0	1710	1	ok:protected-sed
0	1740	1	ok:protected-sed
0	1740	1	ok:protected-sed
0	1752	1	ok:protected-sed
0	1807	1	ok:protected-sed
0	1860	1	ok:protected-sed
0	1860	1	ok:protected-sed
0	1880	1	ok:protected-sed
0	1880	1	ok:protected-sed
0	1903	1	ok:protected-sed
0	1985	1	ok:protected-sed
0	1987	1	ok:protected-sed
0	2081	1	ok:protected-sed
0	2094	1	ok:protected-sed
0	2108	1	ok:protected-sed
0	2133	1	ok:protected-sed
0	2151	1	ok:protected-sed
0	2155	1	ok:protected-sed
0	2158	1	ok:protected-sed
0	2276	1	ok:protected-sed
0	2327	1	ok:protected-sed
0	2349	1	ok:protected-sed
0	2349	1	ok:protected-sed
0	2350	1	ok:protected-sed
0	2350	1	ok:protected-sed
0	2351	1	ok:protected-sed
0	2351	1	ok:protected-sed
0	2352	1	ok:protected-sed
0	2352	1	ok:protected-sed
0	2385	1	ok:protected-sed
0	2385	1	ok:protected-sed
0	2387	1	ok:protected-sed
0	2387	1	ok:protected-sed
0	2411	1	ok:protected-sed
0	2411	1	ok:protected-sed
0	2413	1	ok:protected-sed
0	2413	1	ok:protected-sed
0	2414	1	ok:protected-sed
0	2414	1	ok:protected-sed
0	2415	1	ok:protected-sed
0	2415	1	ok:protected-sed
0	2415	1	ok:protected-sed
0	2415	1	ok:protected-sed
0	2418	1	ok:protected-sed
0	2418	1	ok:protected-sed
0	2439	1	ok:protected-sed
0	2446	1	ok:protected-sed
0	2446	1	ok:protected-sed
0	2448	1	ok:protected-sed
0	2448	1	ok:protected-sed
0	2449	1	ok:protected-sed
0	2449	1	ok:protected-sed
0	2450	1	ok:protected-sed
0	2450	1	ok:protected-sed
0	2451	1	ok:protected-sed
0	2451	1	ok:protected-sed
0	2453	1	ok:protected-sed
0	2453	1	ok:protected-sed
0	2459	1	ok:protected-sed
0	2469	1	ok:protected-sed
0	2581	1	ok:protected-sed
0	2581	1	ok:protected-sed
0	2595	1	ok:protected-sed
0	2638	1	ok:protected-sed
0	2684	1	ok:protected-sed
0	2694	1	ok:protected-sed
0	2725	1	ok:protected-sed
0	2734	1	ok:protected-sed
0	2735	1	ok:protected-sed
0	2877	1	ok:protected-sed
0	2914	1	ok:protected-sed
0	2920	1	ok:protected-sed
0	2920	1	ok:protected-sed
0	2937	1	ok:protected-sed
0	2970	1	ok:protected-sed
0	3286	1	ok:protected-sed
0	3439	1	ok:protected-sed
0	3891	1	ok:protected-sed
0	3976	1	ok:protected-sed
0	4018	1	ok:protected-sed
0	4113	1	ok:protected-sed
0	4113	1	ok:protected-sed
0	4134	1	ok:protected-sed
0	4157	1	ok:protected-sed
0	4164	1	ok:protected-sed
0	4174	1	ok:protected-sed
0	4184	1	ok:protected-sed
0	4218	1	ok:protected-sed
0	4222	1	ok:protected-sed
0	4222	1	ok:protected-sed
0	4228	1	ok:protected-sed
0	4232	1	ok:protected-sed
0	4245	1	ok:protected-sed
0	4245	1	ok:protected-sed
0	6331	1	ok:protected-sed
0	7044	1	ok:protected-sed
0	7044	1	ok:protected-sed
0	7044	1	ok:protected-sed
0	7044	1	ok:protected-sed
0	7044	1	ok:protected-sed
0	7044	1	ok:protected-sed
0	7044	1	ok:protected-sed
0	7044	1	ok:protected-sed
0	7164	1	ok:protected-sed
0	7164	1	ok:protected-sed
0	7164	1	ok:protected-sed
0	7164	1	ok:protected-sed
0	7167	1	ok:protected-sed
0	8444	1	ok:protected-sed
0	8477	1	ok:protected-sed
0	8804	1	ok:protected-sed
0	8804	1	ok:protected-sed
0	9232	1	ok:protected-sed
0	9306	1	ok:protected-sed
0	9306	1	ok:protected-sed
0	12983	1	ok:protected-sed
0	14734	1	ok:protected-sed
0	27151	1	ok:protected-sed
0	27195	1	ok:protected-sed
0	31080	1	ok:protected-sed
0	36766	1	ok:protected-sed
0	36766	1	ok:protected-sed
0	40030	1	ok:protected-sed
0	50165	1	ok:protected-sed
0	50165	1	ok:protected-sed
0	50165	1	ok:protected-sed
0	50170	1	ok:protected-sed
0	50170	1	ok:protected-sed
0	50170	1	ok:protected-sed
0	50192	1	ok:protected-sed
0	50197	1	ok:protected-sed
0	50546	1	ok:protected-sed
0	50546	1	ok:protected-sed
0	50546	1	ok:protected-sed
0	50573	1	ok:protected-sed
0	58845	1	ok:protected-sed
0	62569	1	ok:protected-sed
0	67109	1	ok:protected-sed
0	79967	1	ok:protected-sed
0	79967	1	ok:protected-sed
0	155926	1	ok:protected-sed
0	206966	1	ok:protected-sed
0	242722	1	ok:protected-sed
0	242722	1	ok:protected-sed
0	242722	1	ok:protected-sed
0	242722	1	ok:protected-sed
0	242722	1	ok:protected-sed
0	242722	1	ok:protected-sed
0	242722	1	ok:protected-sed
0	242722	1	ok:protected-sed
0	262806	1	ok:protected-sed
1	0	0	ok:protected-sed
1	0	0	ok:protected-sed
1	0	0	ok:protected-sed
1	0	0	ok:protected-sed
1	0	0	ok:protected-sed
1	0	0	ok:protected-sed
1	0	0	ok:protected-sed
1	0	0	ok:protected-sed
1	0	0	ok:protected-sed
1	0	0	ok:protected-sed
1	0	0	ok:protected-sed
1	0	0	ok:protected-sed
1	0	0	ok:protected-sed
1	0	0	ok:protected-sed
1	0	0	ok:protected-sed
1	0	0	ok:protected-sed
1	1	0	ok:protected-sed
1	1	0	ok:protected-sed
1	1	0	ok:protected-sed
1	1	0	ok:protected-sed
1	1	0	ok:protected-sed
1	1	0	ok:protected-sed
1	1	0	ok:protected-sed
1	1	0	ok:protected-sed
1	1	0	ok:protected-sed
1	1	0	ok:protected-sed
1	1	0	ok:protected-sed
1	1	0	ok:protected-sed
1	1	0	ok:protected-sed
1	1	0	ok:protected-sed
1	1	0	ok:protected-sed
1	1	0	ok:protected-sed
1	1	0	ok:protected-sed
1	1	0	ok:protected-sed
1	1	0	ok:protected-sed
1	1	0	ok:protected-sed
1	1	0	ok:protected-sed
1	1	0	ok:protected-sed
1	1	0	ok:protected-sed
1	1	0	ok:protected-sed
1	1	0	ok:protected-sed
1	1	0	ok:protected-sed
1	1	0	ok:protected-sed
1	1	0	ok:protected-sed
1	1	0	ok:protected-sed
1	1	0	ok:protected-sed
1	1	0	ok:protected-sed
1	1	0	ok:protected-sed
1	1	0	ok:protected-sed
1	1	0	ok:protected-sed
1	1	0	ok:protected-sed
1	1	0	ok:protected-sed
1	1	0	ok:protected-sed
1	1	0	ok:protected-sed
1	1	0	ok:protected-sed
1	1	0	ok:protected-sed
1	1	0	ok:protected-sed
1	1	0	ok:protected-sed
1	1	0	ok:protected-sed
1	1	0	ok:protected-sed
1	1	0	ok:protected-sed
1	1	0	ok:protected-sed
1	1	0	ok:protected-sed
1	1	0	ok:protected-sed
1	1	0	ok:protected-sed
1	1	0	ok:protected-sed
1	1	0	ok:protected-sed
1	1	0	ok:protected-sed
1	1	0	ok:protected-sed
1	1	0	ok:protected-sed
1	1	0	ok:protected-sed
1	1	0	ok:protected-sed
1	1	0	ok:protected-sed
1	1	0	ok:protected-sed
1	1	0	ok:protected-sed
1	1	0	ok:protected-sed
1	1	0	ok:protected-sed
1	1	0	ok:protected-sed
1	1	0	ok:protected-sed
1	1	0	ok:protected-sed
1	1	0	ok:protected-sed
1	1	0	ok:protected-sed
1	1	0	ok:protected-sed
1	1	0	ok:protected-sed
1	1	0	ok:protected-sed
1	1	0	ok:protected-sed
1	1	0	ok:protected-sed
1	1	0	ok:protected-sed
1	1	0	ok:protected-sed
1	1	0	ok:protected-sed
1	1	0	ok:protected-sed
1	1	0	ok:protected-sed
1	1	0	ok:protected-sed
1	1	0	ok:protected-sed
1	1	0	ok:protected-sed
1	1	0	ok:protected-sed
1	1	0	ok:protected-sed
1	1	0	ok:protected-sed
1	1	0	ok:protected-sed
1	1	0	ok:protected-sed
1	1	0	ok:protected-sed
1	1	0	ok:protected-sed
1	1	0	ok:protected-sed
1	1	0	ok:protected-sed
1	1	0	ok:protected-sed
1	1	0	ok:protected-sed
1	1	0	ok:protected-sed
1	1	0	ok:protected-sed
1	1	0	ok:protected-sed
1	1	0	ok:protected-sed
1	1	0	ok:protected-sed
1	1	0	ok:protected-sed
1	1	0	ok:protected-sed
1	1	0	ok:protected-sed
1	1	0	ok:protected-sed
1	1	0	ok:protected-sed
1	1	0	ok:protected-sed
1	1	0	ok:protected-sed
1	1	0	ok:protected-sed
1	1	0	ok:protected-sed
1	1	0	ok:protected-sed
1	1	0	ok:protected-sed
1	1	0	ok:protected-sed
1	1	0	ok:protected-sed
1	1	0	ok:protected-sed
1	1	0	ok:protected-sed
1	1	0	ok:protected-sed
1	1	0	ok:protected-sed
1	1	0	ok:protected-sed
1	1	0	ok:protected-sed
1	1	0	ok:protected-sed
1	1	0	ok:protected-sed
1	1	0	ok:protected-sed
1	1	0	ok:protected-sed
1	1	0	ok:protected-sed
1	1	0	ok:protected-sed
1	1	0	ok:protected-sed
1	1	0	ok:protected-sed
1	1	0	ok:protected-sed
1	1	0	ok:protected-sed
1	1	0	ok:protected-sed
1	1	0	ok:protected-sed
1	1	0	ok:protected-sed
1	1	0	ok:protected-sed
1	1	0	ok:protected-sed
1	1	0	ok:protected-sed
1	1	0	ok:protected-sed
1	1	0	ok:protected-sed
1	1	0	ok:protected-sed
1	1	0	ok:protected-sed
1	1	0	ok:protected-sed
1	1	0	ok:protected-sed
1	1	0	ok:protected-sed
1	1	0	ok:protected-sed
1	1	0	ok:protected-sed
1	1	0	ok:protected-sed
1	1	0	ok:protected-sed
1	1	0	ok:protected-sed
1	1	0	ok:protected-sed
1	1	0	ok:protected-sed
1	1	0	ok:protected-sed
1	1	0	ok:protected-sed
1	1	0	ok:protected-sed
1	1	0	ok:protected-sed
1	1	0	ok:protected-sed
1	1	0	ok:protected-sed
1	1	0	ok:protected-sed
1	1	0	ok:protected-sed
1	1	0	ok:protected-sed
1	1	0	ok:protected-sed
1	1	0	ok:protected-sed
1	1	0	ok:protected-sed
1	1	0	ok:protected-sed
1	1	0	ok:protected-sed
1	1	0	ok:protected-sed
1	1	0	ok:protected-sed
1	1	0	ok:protected-sed
1	1	0	ok:protected-sed
1	1	0	ok:protected-sed
1	1	0	ok:protected-sed
1	1	0	ok:protected-sed
1	1	0	ok:protected-sed
1	1	0	ok:protected-sed
1	1	0	ok:protected-sed
1	1	0	ok:protected-sed
1	1	0	ok:protected-sed
1	1	0	ok:protected-sed
1	1	0	ok:protected-sed
1	1	0	ok:protected-sed
1	1	0	ok:protected-sed
1	1	0	ok:protected-sed
1	1	0	ok:protected-sed
1	1	0	ok:protected-sed
1	1	0	ok:protected-sed
1	1	0	ok:protected-sed
1	1	0	ok:protected-sed
1	1	0	ok:protected-sed
1	1	0	ok:protected-sed
1	1	0	ok:protected-sed
1	1	0	ok:protected-sed
1	1	0	ok:protected-sed
1	1	0	ok:protected-sed
1	1	0	ok:protected-sed
1	1	0	ok:protected-sed
1	1	0	ok:protected-sed
1	1	0	ok:protected-sed
1	1	0	ok:protected-sed
1	1	0	ok:protected-sed
1	1	0	ok:protected-sed
1	1	0	ok:protected-sed
1	1	0	ok:protected-sed
1	1	0	ok:protected-sed
1	1	0	ok:protected-sed
1	1	0	ok:protected-sed
1	1	0	ok:protected-sed
1	1	0	ok:protected-sed
1	1	0	ok:protected-sed
1	1	0	ok:protected-sed
1	1	0	ok:protected-sed
1	1	0	ok:protected-sed
1	1	0	ok:protected-sed
1	1	0	ok:protected-sed
1	1	0	ok:protected-sed
1	1	0	ok:protected-sed
1	1	0	ok:protected-sed
1	1	0	ok:protected-sed
1	1	0	ok:protected-sed
1	1	0	ok:protected-sed
1	1	0	ok:protected-sed
1	1	0	ok:protected-sed
1	1	0	ok:protected-sed
1	1	0	ok:protected-sed
1	1	0	ok:protected-sed
1	1	0	ok:protected-sed
1	1	0	ok:protected-sed
1	1	0	ok:protected-sed
1	1	0	ok:protected-sed
1	1	0	ok:protected-sed
1	1	0	ok:protected-sed
1	1	0	ok:protected-sed
1	1	0	ok:protected-sed
1	1	0	ok:protected-sed
1	1	0	ok:protected-sed
1	1	0	ok:protected-sed
1	1	0	ok:protected-sed
1	1	0	ok:protected-sed
1	1	0	ok:protected-sed
1	1	0	ok:protected-sed
1	1	0	ok:protected-sed
1	1	0	ok:protected-sed
1	1	0	ok:protected-sed
1	1	0	ok:protected-sed
1	1	0	ok:protected-sed
1	1	0	ok:protected-sed
1	1	0	ok:protected-sed
1	1	0	ok:protected-sed
1	1	0	ok:protected-sed
1	1	0	ok:protected-sed
1	1	0	ok:protected-sed
1	1	0	ok:protected-sed
1	1	0	ok:protected-sed
1	1	0	ok:protected-sed
1	1	0	ok:protected-sed
1	1	0	ok:protected-sed
1	1	0	ok:protected-sed
1	1	0	ok:protected-sed
1	1	0	ok:protected-sed
1	1	0	ok:protected-sed
1	1	0	ok:protected-sed
1	1	0	ok:protected-sed
1	1	0	ok:protected-sed
1	1	0	ok:protected-sed
1	1	0	ok:protected-sed
1	1	0	ok:protected-sed
1	1	0	ok:protected-sed
1	1	0	ok:protected-sed
1	1	0	ok:protected-sed
1	1	0	ok:protected-sed
1	1	0	ok:protected-sed
1	1	0	ok:protected-sed
1	1	0	ok:protected-sed
1	1	0	ok:protected-sed
1	1	0	ok:protected-sed
1	1	0	ok:protected-sed
1	1	0	ok:protected-sed
1	1	0	ok:protected-sed
1	1	0	ok:protected-sed
1	1	0	ok:protected-sed
1	1	0	ok:protected-sed
1	1	0	ok:protected-sed
1	1	0	ok:protected-sed
1	1	0	ok:protected-sed
1	1	0	ok:protected-sed
1	1	0	ok:protected-sed
1	1	0	ok:protected-sed
1	1	0	ok:protected-sed
1	1	0	ok:protected-sed
1	1	0	ok:protected-sed
1	1	0	ok:protected-sed
1	1	0	ok:protected-sed
1	1	0	ok:protected-sed
1	1	0	ok:protected-sed
1	1	0	ok:protected-sed
1	1	0	ok:protected-sed
1	1	0	ok:protected-sed
1	1	0	ok:protected-sed
1	1	0	ok:protected-sed
1	1	0	ok:protected-sed
1	1	0	ok:protected-sed
1	1	0	ok:protected-sed
1	1	0	ok:protected-sed
1	1	0	ok:protected-sed
1	1	0	ok:protected-sed
1	1	0	ok:protected-sed
1	1	0	ok:protected-sed
1	1	0	ok:protected-sed
1	1	0	ok:protected-sed
1	1	0	ok:protected-sed
1	1	0	ok:protected-sed
1	1	0	ok:protected-sed
1	1	0	ok:protected-sed
1	1	0	ok:protected-sed
1	1	0	ok:protected-sed
1	1	0	ok:protected-sed
1	1	0	ok:protected-sed
1	1	0	ok:protected-sed
1	1	0	ok:protected-sed
1	1	0	ok:protected-sed
1	1	0	ok:protected-sed
1	1	0	ok:protected-sed
1	1	0	ok:protected-sed
1	1	0	ok:protected-sed
1	1	0	ok:protected-sed
1	1	0	ok:protected-sed
1	1	0	ok:protected-sed
1	1	0	ok:protected-sed
1	1	0	ok:protected-sed
1	1	0	ok:protected-sed
1	1	0	ok:protected-sed
1	1	0	ok:protected-sed
1	1	0	ok:protected-sed
1	1	0	ok:protected-sed
1	1	0	ok:protected-sed
1	1	0	ok:protected-sed
1	1	0	ok:protected-sed
1	1	0	ok:protected-sed
1	1	0	ok:protected-sed
1	1	0	ok:protected-sed
1	1	0	ok:protected-sed
1	1	0	ok:protected-sed
1	1	0	ok:protected-sed
1	1	0	ok:protected-sed
1	1	0	ok:protected-sed
1	1	0	ok:protected-sed
1	1	0	ok:protected-sed
1	1	0	ok:protected-sed
1	1	0	ok:protected-sed
1	1	0	ok:protected-sed
1	1	0	ok:protected-sed
1	1	0	ok:protected-sed
1	1	0	ok:protected-sed
2	1	0	ok:protected-sed
2	1	0	ok:protected-sed
2	1	0	ok:protected-sed
2	1	0	ok:protected-sed
2	2	0	ok:protected-sed
2	2	0	ok:protected-sed
2	2	0	ok:protected-sed
2	2	0	ok:protected-sed
2	2	0	ok:protected-sed
2	2	0	ok:protected-sed
2	2	0	ok:protected-sed
2	2	0	ok:protected-sed
2	2	0	ok:protected-sed
2	2	0	ok:protected-sed
2	2	0	ok:protected-sed
2	2	0	ok:protected-sed
2	2	0	ok:protected-sed
2	2	0	ok:protected-sed
2	2	0	ok:protected-sed
2	2	0	ok:protected-sed
2	2	0	ok:protected-sed
2	2	0	ok:protected-sed
2	2	0	ok:protected-sed
2	2	0	ok:protected-sed
2	2	0	ok:protected-sed
2	2	0	ok:protected-sed
2	2	0	ok:protected-sed
2	2	0	ok:protected-sed
3	3	0	ok:protected-sed
3	3	0	ok:protected-sed
3	3	0	ok:protected-sed
3	3	0	ok:protected-sed
3	3	0	ok:protected-sed
3	3	0	ok:protected-sed
3	3	0	ok:protected-sed
3	3	0	ok:protected-sed
3	3	0	ok:protected-sed
3	3	0	ok:protected-sed
3	3	0	ok:protected-sed
3	3	0	ok:protected-sed
3	3	0	ok:protected-sed
3	3	0	ok:protected-sed
3	3	0	ok:protected-sed
3	3	0	ok:protected-sed
3	3	0	ok:protected-sed
3	3	0	ok:protected-sed
3	3	0	ok:protected-sed
3	3	0	ok:protected-sed
3	3	0	ok:protected-sed
3	3	0	ok:protected-sed
3	3	0	ok:protected-sed
3	3	0	ok:protected-sed
3	3	0	ok:protected-sed
3	3	0	ok:protected-sed
3	3	0	ok:protected-sed
3	3	0	ok:protected-sed
3	3	0	ok:protected-sed
3	3	0	ok:protected-sed
3	3	0	ok:protected-sed
3	3	0	ok:protected-sed
3	3	0	ok:protected-sed
3	3	0	ok:protected-sed
3	3	0	ok:protected-sed
3	3	0	ok:protected-sed
3	3	0	ok:protected-sed
3	3	0	ok:protected-sed
3	3	0	ok:protected-sed
3	3	0	ok:protected-sed
3	3	0	ok:protected-sed
3	3	0	ok:protected-sed
3	3	0	ok:protected-sed
3	3	0	ok:protected-sed
3	3	0	ok:protected-sed
3	3	0	ok:protected-sed
3	3	0	ok:protected-sed
3	3	0	ok:protected-sed
3	3	0	ok:protected-sed
3	3	0	ok:protected-sed
3	3	0	ok:protected-sed
3	3	0	ok:protected-sed
3	3	0	ok:protected-sed
3	3	0	ok:protected-sed
3	3	0	ok:protected-sed
3	3	0	ok:protected-sed
3	3	0	ok:protected-sed
3	3	0	ok:protected-sed
3	3	0	ok:protected-sed
3	3	0	ok:protected-sed
3	3	0	ok:protected-sed
3	3	0	ok:protected-sed
3	3	0	ok:protected-sed
3	3	0	ok:protected-sed
3	3	0	ok:protected-sed
3	3	0	ok:protected-sed
3	3	0	ok:protected-sed
3	3	0	ok:protected-sed
3	3	0	ok:protected-sed
3	3	0	ok:protected-sed
3	3	0	ok:protected-sed
3	3	0	ok:protected-sed
3	3	0	ok:protected-sed
3	3	0	ok:protected-sed
3	3	0	ok:protected-sed
3	3	0	ok:protected-sed
3	3	0	ok:protected-sed
3	3	0	ok:protected-sed
3	3	0	ok:protected-sed
3	3	0	ok:protected-sed
3	3	0	ok:protected-sed
3	3	0	ok:protected-sed
3	3	0	ok:protected-sed
3	3	0	ok:protected-sed
3	3	0	ok:protected-sed
3	3	0	ok:protected-sed
3	3	0	ok:protected-sed
3	3	0	ok:protected-sed
3	3	0	ok:protected-sed
3	3	0	ok:protected-sed
3	3	0	ok:protected-sed
3	3	0	ok:protected-sed
3	3	0	ok:protected-sed
3	3	0	ok:protected-sed
3	3	0	ok:protected-sed
3	3	0	ok:protected-sed
3	3	0	ok:protected-sed
3	3	0	ok:protected-sed
3	3	0	ok:protected-sed
3	3	0	ok:protected-sed
3	3	0	ok:protected-sed
3	3	0	ok:protected-sed
3	3	0	ok:protected-sed
3	3	0	ok:protected-sed
3	3	0	ok:protected-sed
3	3	0	ok:protected-sed
3	3	0	ok:protected-sed
3	3	0	ok:protected-sed
3	3	0	ok:protected-sed
3	3	0	ok:protected-sed
3	3	0	ok:protected-sed
3	3	0	ok:protected-sed
3	3	0	ok:protected-sed
3	3	0	ok:protected-sed
3	3	0	ok:protected-sed
3	3	0	ok:protected-sed
3	3	0	ok:protected-sed
3	3	0	ok:protected-sed
3	3	0	ok:protected-sed
3	3	0	ok:protected-sed
3	3	0	ok:protected-sed
3	3	0	ok:protected-sed
3	3	0	ok:protected-sed
3	3	0	ok:protected-sed
3	3	0	ok:protected-sed
3	3	0	ok:protected-sed
3	3	0	ok:protected-sed
3	3	0	ok:protected-sed
3	3	0	ok:protected-sed
3	3	0	ok:protected-sed
3	3	0	ok:protected-sed
3	3	0	ok:protected-sed
3	3	0	ok:protected-sed
3	3	0	ok:protected-sed
3	3	0	ok:protected-sed
3	3	0	ok:protected-sed
3	3	0	ok:protected-sed
3	3	0	ok:protected-sed
3	3	0	ok:protected-sed
3	3	0	ok:protected-sed
3	3	0	ok:protected-sed
3	3	0	ok:protected-sed
3	3	0	ok:protected-sed
3	3	0	ok:protected-sed
3	3	0	ok:protected-sed
3	3	0	ok:protected-sed
3	3	0	ok:protected-sed
3	3	0	ok:protected-sed
3	3	0	ok:protected-sed
3	3	0	ok:protected-sed
3	3	0	ok:protected-sed
3	3	0	ok:protected-sed
3	3	0	ok:protected-sed
4	3	0	ok:protected-sed
4	3	0	ok:protected-sed
4	3	0	ok:protected-sed
4	3	0	ok:protected-sed
4	3	0	ok:protected-sed
4	3	0	ok:protected-sed
4	3	0	ok:protected-sed
4	3	0	ok:protected-sed
4	3	0	ok:protected-sed
4	3	0	ok:protected-sed
4	3	0	ok:protected-sed
4	3	0	ok:protected-sed
4	3	0	ok:protected-sed
4	3	0	ok:protected-sed
4	3	0	ok:protected-sed
4	3	0	ok:protected-sed
4	4	0	ok:protected-sed
4	4	0	ok:protected-sed
4	4	0	ok:protected-sed
4	4	0	ok:protected-sed
4	4	0	ok:protected-sed
4	4	0	ok:protected-sed
4	4	0	ok:protected-sed
4	4	0	ok:protected-sed
4	4	0	ok:protected-sed
4	4	0	ok:protected-sed
4	4	0	ok:protected-sed
4	4	0	ok:protected-sed
4	4	0	ok:protected-sed
4	4	0	ok:protected-sed
4	4	0	ok:protected-sed
4	4	0	ok:protected-sed
4	4	0	ok:protected-sed
4	4	0	ok:protected-sed
4	4	0	ok:protected-sed
4	4	0	ok:protected-sed
4	4	0	ok:protected-sed
4	4	0	ok:protected-sed
4	4	0	ok:protected-sed
4	4	0	ok:protected-sed
4	4	0	ok:protected-sed
4	4	0	ok:protected-sed
4	4	0	ok:protected-sed
4	4	0	ok:protected-sed
4	4	0	ok:protected-sed
4	4	0	ok:protected-sed
4	4	0	ok:protected-sed
4	4	0	ok:protected-sed
4	4	0	ok:protected-sed
4	4	0	ok:protected-sed
4	4	0	ok:protected-sed
4	4	0	ok:protected-sed
4	4	0	ok:protected-sed
4	4	0	ok:protected-sed
4	4	0	ok:protected-sed
4	4	0	ok:protected-sed
4	4	0	ok:protected-sed
4	4	0	ok:protected-sed
4	4	0	ok:protected-sed
4	4	0	ok:protected-sed
4	4	0	ok:protected-sed
4	4	0	ok:protected-sed
4	4	0	ok:protected-sed
4	4	0	ok:protected-sed
4	4	0	ok:protected-sed
4	4	0	ok:protected-sed
4	4	0	ok:protected-sed
4	4	0	ok:protected-sed
4	4	0	ok:protected-sed
4	4	0	ok:protected-sed
4	4	0	ok:protected-sed
4	4	0	ok:protected-sed
4	4	0	ok:protected-sed
4	4	0	ok:protected-sed
4	4	0	ok:protected-sed
4	4	0	ok:protected-sed
4	4	0	ok:protected-sed
4	4	0	ok:protected-sed
4	4	0	ok:protected-sed
4	4	0	ok:protected-sed
4	4	0	ok:protected-sed
4	4	0	ok:protected-sed
4	4	0	ok:protected-sed
4	4	0	ok:protected-sed
4	4	0	ok:protected-sed
4	4	0	ok:protected-sed
4	4	0	ok:protected-sed
4	4	0	ok:protected-sed
4	4	0	ok:protected-sed
4	4	0	ok:protected-sed
4	4	0	ok:protected-sed
4	4	0	ok:protected-sed
4	4	0	ok:protected-sed
4	4	0	ok:protected-sed
4	4	0	ok:protected-sed
4	4	0	ok:protected-sed
4	4	0	ok:protected-sed
4	4	0	ok:protected-sed
4	4	0	ok:protected-sed
4	4	0	ok:protected-sed
5	3	0	ok:protected-sed
5	3	0	ok:protected-sed
5	3	0	ok:protected-sed
5	3	0	ok:protected-sed
5	5	0	ok:protected-sed
5	5	0	ok:protected-sed
5	5	0	ok:protected-sed
5	5	0	ok:protected-sed
5	5	0	ok:protected-sed
5	5	0	ok:protected-sed
5	5	0	ok:protected-sed
5	5	0	ok:protected-sed
5	5	0	ok:protected-sed
5	5	0	ok:protected-sed
5	5	0	ok:protected-sed
5	5	0	ok:protected-sed
5	5	0	ok:protected-sed
5	5	0	ok:protected-sed
5	5	0	ok:protected-sed
5	5	0	ok:protected-sed
5	5	0	ok:protected-sed
5	5	0	ok:protected-sed
5	5	0	ok:protected-sed
5	5	0	ok:protected-sed
5	5	0	ok:protected-sed
5	5	0	ok:protected-sed
5	5	0	ok:protected-sed
5	5	0	ok:protected-sed
5	5	0	ok:protected-sed
5	5	0	ok:protected-sed
5	5	0	ok:protected-sed
5	5	0	ok:protected-sed
5	5	0	ok:protected-sed
5	5	0	ok:protected-sed
5	5	0	ok:protected-sed
5	5	0	ok:protected-sed
5	5	0	ok:protected-sed
5	5	0	ok:protected-sed
5	5	0	ok:protected-sed
5	5	0	ok:protected-sed
5	5	0	ok:protected-sed
5	5	0	ok:protected-sed
5	5	0	ok:protected-sed
5	5	0	ok:protected-sed
5	5	0	ok:protected-sed
5	5	0	ok:protected-sed
5	5	0	ok:protected-sed
5	5	0	ok:protected-sed
5	5	0	ok:protected-sed
5	5	0	ok:protected-sed
5	5	0	ok:protected-sed
5	5	0	ok:protected-sed
5	5	0	ok:protected-sed
5	5	0	ok:protected-sed
5	5	0	ok:protected-sed
5	5	0	ok:protected-sed
5	5	0	ok:protected-sed
5	5	0	ok:protected-sed
5	5	0	ok:protected-sed
5	5	0	ok:protected-sed
5	5	0	ok:protected-sed
5	5	0	ok:protected-sed
5	5	0	ok:protected-sed
5	5	0	ok:protected-sed
5	5	0	ok:protected-sed
5	5	0	ok:protected-sed
5	5	0	ok:protected-sed
5	5	0	ok:protected-sed
5	5	0	ok:protected-sed
5	5	0	ok:protected-sed
5	5	0	ok:protected-sed
5	5	0	ok:protected-sed
5	5	0	ok:protected-sed
6	6	0	ok:protected-sed
6	6	0	ok:protected-sed
6	6	0	ok:protected-sed
6	6	0	ok:protected-sed
6	6	0	ok:protected-sed
6	6	0	ok:protected-sed
6	6	0	ok:protected-sed
6	6	0	ok:protected-sed
6	6	0	ok:protected-sed
6	6	0	ok:protected-sed
6	6	0	ok:protected-sed
6	6	0	ok:protected-sed
6	6	0	ok:protected-sed
6	6	0	ok:protected-sed
6	6	0	ok:protected-sed
6	6	0	ok:protected-sed
6	6	0	ok:protected-sed
6	6	0	ok:protected-sed
6	6	0	ok:protected-sed
6	6	0	ok:protected-sed
6	6	0	ok:protected-sed
6	6	0	ok:protected-sed
6	6	0	ok:protected-sed
6	6	0	ok:protected-sed
6	6	0	ok:protected-sed
6	6	0	ok:protected-sed
6	6	0	ok:protected-sed
6	6	0	ok:protected-sed
6	6	0	ok:protected-sed
6	6	0	ok:protected-sed
6	6	0	ok:protected-sed
6	6	0	ok:protected-sed
6	6	0	ok:protected-sed
6	6	0	ok:protected-sed
6	6	0	ok:protected-sed
6	6	0	ok:protected-sed
6	6	0	ok:protected-sed
6	6	0	ok:protected-sed
6	6	0	ok:protected-sed
6	6	0	ok:protected-sed
6	6	0	ok:protected-sed
6	6	0	ok:protected-sed
6	6	0	ok:protected-sed
6	6	0	ok:protected-sed
6	6	0	ok:protected-sed
6	6	0	ok:protected-sed
6	6	0	ok:protected-sed
6	6	0	ok:protected-sed
6	6	0	ok:protected-sed
6	6	0	ok:protected-sed
6	20	0	ok:protected-sed
7	7	0	ok:protected-sed
7	7	0	ok:protected-sed
7	7	0	ok:protected-sed
7	7	0	ok:protected-sed
7	7	0	ok:protected-sed
7	7	0	ok:protected-sed
7	7	0	ok:protected-sed
7	7	0	ok:protected-sed
7	7	0	ok:protected-sed
7	7	0	ok:protected-sed
7	7	0	ok:protected-sed
7	7	0	ok:protected-sed
7	7	0	ok:protected-sed
7	7	0	ok:protected-sed
7	7	0	ok:protected-sed
7	7	0	ok:protected-sed
7	7	0	ok:protected-sed
7	7	0	ok:protected-sed
7	7	0	ok:protected-sed
7	7	0	ok:protected-sed
7	7	0	ok:protected-sed
7	7	0	ok:protected-sed
7	7	0	ok:protected-sed
7	7	0	ok:protected-sed
7	7	0	ok:protected-sed
7	7	0	ok:protected-sed
7	7	0	ok:protected-sed
7	7	0	ok:protected-sed
7	7	0	ok:protected-sed
7	7	0	ok:protected-sed
7	7	0	ok:protected-sed
7	7	0	ok:protected-sed
7	7	0	ok:protected-sed
7	7	0	ok:protected-sed
7	7	0	ok:protected-sed
7	7	0	ok:protected-sed
7	7	0	ok:protected-sed
7	7	0	ok:protected-sed
7	7	0	ok:protected-sed
7	7	0	ok:protected-sed
7	7	0	ok:protected-sed
7	7	0	ok:protected-sed
7	7	0	ok:protected-sed
7	7	0	ok:protected-sed
7	7	0	ok:protected-sed
7	7	0	ok:protected-sed
7	7	0	ok:protected-sed
7	7	0	ok:protected-sed
7	7	0	ok:protected-sed
7	7	0	ok:protected-sed
7	7	0	ok:protected-sed
7	7	0	ok:protected-sed
7	7	0	ok:protected-sed
7	7	0	ok:protected-sed
7	7	0	ok:protected-sed
7	7	0	ok:protected-sed
7	7	0	ok:protected-sed
7	7	0	ok:protected-sed
7	7	0	ok:protected-sed
7	7	0	ok:protected-sed
7	7	0	ok:protected-sed
7	7	0	ok:protected-sed
7	7	0	ok:protected-sed
7	7	0	ok:protected-sed
7	7	0	ok:protected-sed
7	7	0	ok:protected-sed
7	7	0	ok:protected-sed
7	7	0	ok:protected-sed
7	7	0	ok:protected-sed
7	7	0	ok:protected-sed
7	7	0	ok:protected-sed
7	7	0	ok:protected-sed
7	7	0	ok:protected-sed
7	7	0	ok:protected-sed
7	7	0	ok:protected-sed
7	7	0	ok:protected-sed
7	7	0	ok:protected-sed
7	7	0	ok:protected-sed
7	7	0	ok:protected-sed
7	7	0	ok:protected-sed
7	7	0	ok:protected-sed
7	7	0	ok:protected-sed
7	7	0	ok:protected-sed
7	7	0	ok:protected-sed
7	7	0	ok:protected-sed
7	7	0	ok:protected-sed
7	7	0	ok:protected-sed
7	7	0	ok:protected-sed
7	7	0	ok:protected-sed
7	7	0	ok:protected-sed
7	7	0	ok:protected-sed
7	7	0	ok:protected-sed
7	7	0	ok:protected-sed
7	7	0	ok:protected-sed
7	7	0	ok:protected-sed
7	7	0	ok:protected-sed
7	7	0	ok:protected-sed
7	7	0	ok:protected-sed
8	8	0	ok:protected-sed
8	8	0	ok:protected-sed
8	8	0	ok:protected-sed
8	8	0	ok:protected-sed
8	8	0	ok:protected-sed
8	8	0	ok:protected-sed
8	8	0	ok:protected-sed
8	8	0	ok:protected-sed
8	8	0	ok:protected-sed
8	8	0	ok:protected-sed
8	8	0	ok:protected-sed
8	8	0	ok:protected-sed
8	8	0	ok:protected-sed
8	8	0	ok:protected-sed
8	8	0	ok:protected-sed
8	8	0	ok:protected-sed
8	8	0	ok:protected-sed
8	8	0	ok:protected-sed
8	8	0	ok:protected-sed
8	8	0	ok:protected-sed
8	8	0	ok:protected-sed
8	8	0	ok:protected-sed
8	8	0	ok:protected-sed
8	8	0	ok:protected-sed
8	8	0	ok:protected-sed
8	8	0	ok:protected-sed
8	8	0	ok:protected-sed
8	8	0	ok:protected-sed
8	8	0	ok:protected-sed
8	8	0	ok:protected-sed
8	8	0	ok:protected-sed
8	8	0	ok:protected-sed
8	8	0	ok:protected-sed
8	8	0	ok:protected-sed
8	8	0	ok:protected-sed
8	8	0	ok:protected-sed
8	8	0	ok:protected-sed
8	8	0	ok:protected-sed
8	8	0	ok:protected-sed
8	8	0	ok:protected-sed
8	8	0	ok:protected-sed
8	8	0	ok:protected-sed
8	8	0	ok:protected-sed
8	8	0	ok:protected-sed
8	8	0	ok:protected-sed
8	8	0	ok:protected-sed
8	8	0	ok:protected-sed
8	8	0	ok:protected-sed
8	8	0	ok:protected-sed
8	8	0	ok:protected-sed
8	8	0	ok:protected-sed
8	8	0	ok:protected-sed
8	8	0	ok:protected-sed
8	8	0	ok:protected-sed
8	8	0	ok:protected-sed
8	8	0	ok:protected-sed
8	8	0	ok:protected-sed
8	8	0	ok:protected-sed
8	8	0	ok:protected-sed
8	8	0	ok:protected-sed
8	8	0	ok:protected-sed
8	8	0	ok:protected-sed
8	8	0	ok:protected-sed
8	8	0	ok:protected-sed
8	8	0	ok:protected-sed
8	8	0	ok:protected-sed
8	8	0	ok:protected-sed
8	8	0	ok:protected-sed
8	8	0	ok:protected-sed
8	8	0	ok:protected-sed
8	8	0	ok:protected-sed
8	8	0	ok:protected-sed
8	8	0	ok:protected-sed
8	8	0	ok:protected-sed
8	8	0	ok:protected-sed
8	8	0	ok:protected-sed
8	8	0	ok:protected-sed
8	8	0	ok:protected-sed
8	8	0	ok:protected-sed
8	8	0	ok:protected-sed
8	8	0	ok:protected-sed
8	8	0	ok:protected-sed
8	8	0	ok:protected-sed
8	8	0	ok:protected-sed
8	8	0	ok:protected-sed
8	8	0	ok:protected-sed
8	8	0	ok:protected-sed
8	8	0	ok:protected-sed
8	8	0	ok:protected-sed
8	8	0	ok:protected-sed
8	8	0	ok:protected-sed
8	8	0	ok:protected-sed
8	8	0	ok:protected-sed
8	8	0	ok:protected-sed
8	8	0	ok:protected-sed
8	8	0	ok:protected-sed
8	8	0	ok:protected-sed
8	8	0	ok:protected-sed
8	8	0	ok:protected-sed
8	8	0	ok:protected-sed
8	8	0	ok:protected-sed
8	8	0	ok:protected-sed
8	8	0	ok:protected-sed
8	8	0	ok:protected-sed
8	8	0	ok:protected-sed
8	8	0	ok:protected-sed
8	8	0	ok:protected-sed
8	8	0	ok:protected-sed
8	8	0	ok:protected-sed
8	8	0	ok:protected-sed
8	8	0	ok:protected-sed
8	9	0	ok:protected-sed
8	9	0	ok:protected-sed
8	10	0	ok:protected-sed
8	10	0	ok:protected-sed
8	10	0	ok:protected-sed
8	10	0	ok:protected-sed
8	10	0	ok:protected-sed
8	10	0	ok:protected-sed
8	10	0	ok:protected-sed
8	10	0	ok:protected-sed
8	10	0	ok:protected-sed
8	10	0	ok:protected-sed
8	10	0	ok:protected-sed
8	10	0	ok:protected-sed
8	10	0	ok:protected-sed
8	10	0	ok:protected-sed
8	10	0	ok:protected-sed
8	10	0	ok:protected-sed
8	10	0	ok:protected-sed
8	10	0	ok:protected-sed
8	10	0	ok:protected-sed
8	10	0	ok:protected-sed
8	10	0	ok:protected-sed
8	10	0	ok:protected-sed
8	11	0	ok:protected-sed
8	11	0	ok:protected-sed
8	11	0	ok:protected-sed
8	11	0	ok:protected-sed
9	8	0	ok:protected-sed
9	8	0	ok:protected-sed
9	9	0	ok:protected-sed
9	9	0	ok:protected-sed
9	9	0	ok:protected-sed
9	9	0	ok:protected-sed
9	9	0	ok:protected-sed
9	9	0	ok:protected-sed
9	9	0	ok:protected-sed
9	9	0	ok:protected-sed
9	9	0	ok:protected-sed
9	9	0	ok:protected-sed
9	9	0	ok:protected-sed
9	9	0	ok:protected-sed
9	9	0	ok:protected-sed
9	9	0	ok:protected-sed
9	9	0	ok:protected-sed
9	9	0	ok:protected-sed
9	9	0	ok:protected-sed
9	9	0	ok:protected-sed
9	9	0	ok:protected-sed
9	9	0	ok:protected-sed
9	9	0	ok:protected-sed
9	9	0	ok:protected-sed
9	9	0	ok:protected-sed
9	9	0	ok:protected-sed
9	9	0	ok:protected-sed
9	9	0	ok:protected-sed
9	9	0	ok:protected-sed
9	9	0	ok:protected-sed
9	9	0	ok:protected-sed
9	9	0	ok:protected-sed
9	9	0	ok:protected-sed
9	9	0	ok:protected-sed
9	9	0	ok:protected-sed
9	9	0	ok:protected-sed
9	9	0	ok:protected-sed
9	9	0	ok:protected-sed
9	9	0	ok:protected-sed
9	9	0	ok:protected-sed
9	9	0	ok:protected-sed
9	9	0	ok:protected-sed
9	9	0	ok:protected-sed
9	9	0	ok:protected-sed
9	9	0	ok:protected-sed
9	9	0	ok:protected-sed
9	9	0	ok:protected-sed
9	9	0	ok:protected-sed
9	9	0	ok:protected-sed
9	9	0	ok:protected-sed
9	9	0	ok:protected-sed
9	9	0	ok:protected-sed
9	9	0	ok:protected-sed
9	9	0	ok:protected-sed
9	9	0	ok:protected-sed
9	9	0	ok:protected-sed
9	9	0	ok:protected-sed
9	9	0	ok:protected-sed
9	9	0	ok:protected-sed
9	9	0	ok:protected-sed
9	9	0	ok:protected-sed
9	9	0	ok:protected-sed
9	9	0	ok:protected-sed
9	9	0	ok:protected-sed
9	9	0	ok:protected-sed
9	9	0	ok:protected-sed
9	9	0	ok:protected-sed
9	9	0	ok:protected-sed
9	9	0	ok:protected-sed
9	9	0	ok:protected-sed
9	9	0	ok:protected-sed
9	9	0	ok:protected-sed
9	9	0	ok:protected-sed
9	9	0	ok:protected-sed
9	9	0	ok:protected-sed
9	9	0	ok:protected-sed
9	9	0	ok:protected-sed
9	9	0	ok:protected-sed
9	9	0	ok:protected-sed
9	9	0	ok:protected-sed
9	9	0	ok:protected-sed
9	9	0	ok:protected-sed
9	9	0	ok:protected-sed
9	9	0	ok:protected-sed
9	9	0	ok:protected-sed
9	9	0	ok:protected-sed
9	10	0	ok:protected-sed
9	10	0	ok:protected-sed
9	10	0	ok:protected-sed
9	10	0	ok:protected-sed
9	10	0	ok:protected-sed
9	10	0	ok:protected-sed
9	10	0	ok:protected-sed
9	10	0	ok:protected-sed
9	10	0	ok:protected-sed
9	10	0	ok:protected-sed
9	10	0	ok:protected-sed
9	10	0	ok:protected-sed
9	10	0	ok:protected-sed
9	10	0	ok:protected-sed
9	10	0	ok:protected-sed
9	11	0	ok:protected-sed
9	11	0	ok:protected-sed
9	11	0	ok:protected-sed
9	11	0	ok:protected-sed
10	10	0	ok:protected-sed
10	10	0	ok:protected-sed
10	10	0	ok:protected-sed
10	10	0	ok:protected-sed
10	10	0	ok:protected-sed
10	10	0	ok:protected-sed
10	10	0	ok:protected-sed
10	10	0	ok:protected-sed
10	10	0	ok:protected-sed
10	10	0	ok:protected-sed
10	10	0	ok:protected-sed
10	10	0	ok:protected-sed
10	10	0	ok:protected-sed
10	10	0	ok:protected-sed
10	10	0	ok:protected-sed
10	10	0	ok:protected-sed
10	10	0	ok:protected-sed
10	10	0	ok:protected-sed
10	10	0	ok:protected-sed
10	10	0	ok:protected-sed
10	10	0	ok:protected-sed
10	10	0	ok:protected-sed
10	10	0	ok:protected-sed
10	10	0	ok:protected-sed
10	10	0	ok:protected-sed
10	10	0	ok:protected-sed
10	10	0	ok:protected-sed
10	10	0	ok:protected-sed
10	10	0	ok:protected-sed
10	10	0	ok:protected-sed
10	10	0	ok:protected-sed
10	10	0	ok:protected-sed
10	10	0	ok:protected-sed
10	10	0	ok:protected-sed
10	10	0	ok:protected-sed
10	10	0	ok:protected-sed
10	10	0	ok:protected-sed
10	10	0	ok:protected-sed
10	10	0	ok:protected-sed
10	10	0	ok:protected-sed
10	10	0	ok:protected-sed
10	10	0	ok:protected-sed
10	10	0	ok:protected-sed
10	10	0	ok:protected-sed
10	10	0	ok:protected-sed
10	10	0	ok:protected-sed
10	10	0	ok:protected-sed
10	10	0	ok:protected-sed
10	10	0	ok:protected-sed
10	10	0	ok:protected-sed
10	10	0	ok:protected-sed
10	10	0	ok:protected-sed
10	10	0	ok:protected-sed
11	3	0	ok:protected-sed
11	8	0	ok:protected-sed
11	8	0	ok:protected-sed
11	8	0	ok:protected-sed
11	8	0	ok:protected-sed
11	8	0	ok:protected-sed
11	8	0	ok:protected-sed
11	8	0	ok:protected-sed
11	11	0	ok:protected-sed
11	11	0	ok:protected-sed
11	11	0	ok:protected-sed
11	11	0	ok:protected-sed
11	11	0	ok:protected-sed
11	11	0	ok:protected-sed
11	11	0	ok:protected-sed
11	11	0	ok:protected-sed
11	11	0	ok:protected-sed
11	11	0	ok:protected-sed
11	11	0	ok:protected-sed
11	11	0	ok:protected-sed
11	11	0	ok:protected-sed
11	11	0	ok:protected-sed
11	11	0	ok:protected-sed
11	11	0	ok:protected-sed
11	11	0	ok:protected-sed
11	11	0	ok:protected-sed
11	11	0	ok:protected-sed
11	11	0	ok:protected-sed
11	11	0	ok:protected-sed
11	11	0	ok:protected-sed
11	11	0	ok:protected-sed
11	11	0	ok:protected-sed
11	11	0	ok:protected-sed
11	11	0	ok:protected-sed
11	11	0	ok:protected-sed
11	11	0	ok:protected-sed
11	11	0	ok:protected-sed
11	11	0	ok:protected-sed
11	11	0	ok:protected-sed
11	11	0	ok:protected-sed
11	11	0	ok:protected-sed
11	11	0	ok:protected-sed
11	11	0	ok:protected-sed
11	11	0	ok:protected-sed
11	12	0	ok:protected-sed
11	12	0	ok:protected-sed
11	12	0	ok:protected-sed
11	12	0	ok:protected-sed
11	12	0	ok:protected-sed
11	12	0	ok:protected-sed
11	12	0	ok:protected-sed
11	12	0	ok:protected-sed
11	29	0	ok:protected-sed
12	9	0	ok:protected-sed
12	12	0	ok:protected-sed
12	12	0	ok:protected-sed
12	12	0	ok:protected-sed
12	12	0	ok:protected-sed
12	12	0	ok:protected-sed
12	12	0	ok:protected-sed
12	12	0	ok:protected-sed
12	12	0	ok:protected-sed
12	12	0	ok:protected-sed
12	12	0	ok:protected-sed
12	12	0	ok:protected-sed
12	12	0	ok:protected-sed
12	12	0	ok:protected-sed
12	12	0	ok:protected-sed
12	12	0	ok:protected-sed
12	12	0	ok:protected-sed
12	12	0	ok:protected-sed
12	12	0	ok:protected-sed
12	12	0	ok:protected-sed
12	12	0	ok:protected-sed
12	12	0	ok:protected-sed
12	12	0	ok:protected-sed
12	12	0	ok:protected-sed
12	12	0	ok:protected-sed
12	12	0	ok:protected-sed
12	12	0	ok:protected-sed
12	12	0	ok:protected-sed
12	12	0	ok:protected-sed
12	12	0	ok:protected-sed
12	12	0	ok:protected-sed
12	12	0	ok:protected-sed
12	12	0	ok:protected-sed
12	12	0	ok:protected-sed
12	12	0	ok:protected-sed
12	12	0	ok:protected-sed
12	12	0	ok:protected-sed
12	12	0	ok:protected-sed
12	12	0	ok:protected-sed
12	12	0	ok:protected-sed
12	12	0	ok:protected-sed
12	12	0	ok:protected-sed
12	12	0	ok:protected-sed
12	12	0	ok:protected-sed
12	12	0	ok:protected-sed
12	12	0	ok:protected-sed
12	12	0	ok:protected-sed
12	12	0	ok:protected-sed
12	12	0	ok:protected-sed
12	12	0	ok:protected-sed
12	12	0	ok:protected-sed
12	12	0	ok:protected-sed
12	12	0	ok:protected-sed
12	12	0	ok:protected-sed
12	12	0	ok:protected-sed
12	12	0	ok:protected-sed
12	12	0	ok:protected-sed
12	12	0	ok:protected-sed
12	12	0	ok:protected-sed
12	12	0	ok:protected-sed
12	12	0	ok:protected-sed
12	12	0	ok:protected-sed
12	12	0	ok:protected-sed
12	12	0	ok:protected-sed
12	12	0	ok:protected-sed
12	12	0	ok:protected-sed
12	12	0	ok:protected-sed
12	12	0	ok:protected-sed
12	12	0	ok:protected-sed
12	12	0	ok:protected-sed
12	12	0	ok:protected-sed
12	12	0	ok:protected-sed
12	12	0	ok:protected-sed
12	12	0	ok:protected-sed
12	12	0	ok:protected-sed
12	12	0	ok:protected-sed
12	12	0	ok:protected-sed
12	12	0	ok:protected-sed
12	12	0	ok:protected-sed
12	12	0	ok:protected-sed
12	12	0	ok:protected-sed
12	12	0	ok:protected-sed
12	12	0	ok:protected-sed
12	12	0	ok:protected-sed
12	13	0	ok:protected-sed
12	13	0	ok:protected-sed
12	13	0	ok:protected-sed
12	13	0	ok:protected-sed
12	13	0	ok:protected-sed
12	13	0	ok:protected-sed
12	13	0	ok:protected-sed
12	13	0	ok:protected-sed
12	30	0	ok:protected-sed
12	30	0	ok:protected-sed
13	6	0	ok:protected-sed
13	6	0	ok:protected-sed
13	6	0	ok:protected-sed
13	6	0	ok:protected-sed
13	6	0	ok:protected-sed
13	6	0	ok:protected-sed
13	6	0	ok:protected-sed
13	6	0	ok:protected-sed
13	10	0	ok:protected-sed
13	10	0	ok:protected-sed
13	10	0	ok:protected-sed
13	10	0	ok:protected-sed
13	13	0	ok:protected-sed
13	13	0	ok:protected-sed
13	13	0	ok:protected-sed
13	13	0	ok:protected-sed
13	13	0	ok:protected-sed
13	13	0	ok:protected-sed
13	13	0	ok:protected-sed
13	13	0	ok:protected-sed
13	13	0	ok:protected-sed
13	13	0	ok:protected-sed
13	13	0	ok:protected-sed
13	13	0	ok:protected-sed
13	13	0	ok:protected-sed
13	13	0	ok:protected-sed
13	13	0	ok:protected-sed
13	13	0	ok:protected-sed
13	13	0	ok:protected-sed
13	13	0	ok:protected-sed
13	13	0	ok:protected-sed
13	13	0	ok:protected-sed
13	13	0	ok:protected-sed
13	13	0	ok:protected-sed
13	13	0	ok:protected-sed
13	13	0	ok:protected-sed
13	13	0	ok:protected-sed
13	13	0	ok:protected-sed
13	13	0	ok:protected-sed
13	13	0	ok:protected-sed
13	13	0	ok:protected-sed
13	13	0	ok:protected-sed
13	13	0	ok:protected-sed
13	13	0	ok:protected-sed
13	13	0	ok:protected-sed
13	13	0	ok:protected-sed
13	13	0	ok:protected-sed
13	13	0	ok:protected-sed
13	13	0	ok:protected-sed
13	13	0	ok:protected-sed
13	13	0	ok:protected-sed
13	13	0	ok:protected-sed
13	13	0	ok:protected-sed
13	13	0	ok:protected-sed
13	13	0	ok:protected-sed
13	13	0	ok:protected-sed
13	13	0	ok:protected-sed
13	13	0	ok:protected-sed
13	13	0	ok:protected-sed
13	13	0	ok:protected-sed
13	15	0	ok:protected-sed
13	15	0	ok:protected-sed
13	15	0	ok:protected-sed
13	15	0	ok:protected-sed
13	15	0	ok:protected-sed
13	15	0	ok:protected-sed
13	15	0	ok:protected-sed
13	15	0	ok:protected-sed
13	31	0	ok:protected-sed
13	31	0	ok:protected-sed
13	31	0	ok:protected-sed
13	31	0	ok:protected-sed
13	31	0	ok:protected-sed
14	5	0	ok:protected-sed
14	5	0	ok:protected-sed
14	5	0	ok:protected-sed
14	11	0	ok:protected-sed
14	11	0	ok:protected-sed
14	11	0	ok:protected-sed
14	11	0	ok:protected-sed
14	11	0	ok:protected-sed
14	11	0	ok:protected-sed
14	14	0	ok:protected-sed
14	14	0	ok:protected-sed
14	14	0	ok:protected-sed
14	14	0	ok:protected-sed
14	14	0	ok:protected-sed
14	14	0	ok:protected-sed
14	14	0	ok:protected-sed
14	14	0	ok:protected-sed
14	14	0	ok:protected-sed
14	14	0	ok:protected-sed
14	14	0	ok:protected-sed
14	14	0	ok:protected-sed
14	14	0	ok:protected-sed
14	14	0	ok:protected-sed
14	14	0	ok:protected-sed
14	14	0	ok:protected-sed
14	14	0	ok:protected-sed
14	14	0	ok:protected-sed
14	14	0	ok:protected-sed
14	14	0	ok:protected-sed
14	14	0	ok:protected-sed
14	14	0	ok:protected-sed
14	14	0	ok:protected-sed
14	14	0	ok:protected-sed
14	14	0	ok:protected-sed
14	14	0	ok:protected-sed
14	14	0	ok:protected-sed
14	14	0	ok:protected-sed
14	14	0	ok:protected-sed
14	14	0	ok:protected-sed
14	14	0	ok:protected-sed
14	14	0	ok:protected-sed
14	14	0	ok:protected-sed
14	14	0	ok:protected-sed
14	14	0	ok:protected-sed
14	14	0	ok:protected-sed
14	14	0	ok:protected-sed
14	14	0	ok:protected-sed
14	14	0	ok:protected-sed
14	14	0	ok:protected-sed
14	14	0	ok:protected-sed
14	14	0	ok:protected-sed
14	14	0	ok:protected-sed
14	14	0	ok:protected-sed
14	14	0	ok:protected-sed
14	14	0	ok:protected-sed
14	14	0	ok:protected-sed
14	14	0	ok:protected-sed
14	14	0	ok:protected-sed
14	14	0	ok:protected-sed
14	14	0	ok:protected-sed
14	14	0	ok:protected-sed
14	14	0	ok:protected-sed
14	14	0	ok:protected-sed
14	14	0	ok:protected-sed
14	14	0	ok:protected-sed
14	14	0	ok:protected-sed
14	14	0	ok:protected-sed
14	14	0	ok:protected-sed
14	14	0	ok:protected-sed
14	14	0	ok:protected-sed
14	14	0	ok:protected-sed
14	14	0	ok:protected-sed
14	14	0	ok:protected-sed
14	14	0	ok:protected-sed
14	14	0	ok:protected-sed
14	14	0	ok:protected-sed
14	14	0	ok:protected-sed
14	14	0	ok:protected-sed
14	14	0	ok:protected-sed
14	14	0	ok:protected-sed
14	14	0	ok:protected-sed
14	14	0	ok:protected-sed
14	14	0	ok:protected-sed
14	14	0	ok:protected-sed
14	14	0	ok:protected-sed
14	14	0	ok:protected-sed
14	14	0	ok:protected-sed
14	14	0	ok:protected-sed
14	14	0	ok:protected-sed
14	14	0	ok:protected-sed
14	14	0	ok:protected-sed
14	14	0	ok:protected-sed
14	14	0	ok:protected-sed
14	14	0	ok:protected-sed
14	14	0	ok:protected-sed
14	14	0	ok:protected-sed
14	14	0	ok:protected-sed
14	14	0	ok:protected-sed
14	14	0	ok:protected-sed
14	14	0	ok:protected-sed
14	14	0	ok:protected-sed
14	14	0	ok:protected-sed
14	14	0	ok:protected-sed
14	14	0	ok:protected-sed
14	14	0	ok:protected-sed
14	14	0	ok:protected-sed
14	14	0	ok:protected-sed
14	14	0	ok:protected-sed
14	14	0	ok:protected-sed
14	14	0	ok:protected-sed
14	14	0	ok:protected-sed
14	14	0	ok:protected-sed
14	14	0	ok:protected-sed
14	14	0	ok:protected-sed
14	14	0	ok:protected-sed
14	14	0	ok:protected-sed
14	14	0	ok:protected-sed
14	14	0	ok:protected-sed
14	14	0	ok:protected-sed
14	14	0	ok:protected-sed
14	14	0	ok:protected-sed
14	14	0	ok:protected-sed
14	14	0	ok:protected-sed
14	14	0	ok:protected-sed
14	14	0	ok:protected-sed
14	14	0	ok:protected-sed
14	14	0	ok:protected-sed
14	14	0	ok:protected-sed
14	14	0	ok:protected-sed
14	14	0	ok:protected-sed
14	14	0	ok:protected-sed
14	14	0	ok:protected-sed
14	14	0	ok:protected-sed
14	14	0	ok:protected-sed
14	14	0	ok:protected-sed
14	14	0	ok:protected-sed
14	14	0	ok:protected-sed
14	14	0	ok:protected-sed
14	14	0	ok:protected-sed
14	14	0	ok:protected-sed
14	14	0	ok:protected-sed
14	14	0	ok:protected-sed
14	14	0	ok:protected-sed
14	14	0	ok:protected-sed
14	14	0	ok:protected-sed
14	14	0	ok:protected-sed
14	14	0	ok:protected-sed
14	14	0	ok:protected-sed
14	14	0	ok:protected-sed
14	32	0	ok:protected-sed
14	32	0	ok:protected-sed
14	32	0	ok:protected-sed
14	32	0	ok:protected-sed
14	32	0	ok:protected-sed
14	32	0	ok:protected-sed
14	32	0	ok:protected-sed
14	32	0	ok:protected-sed
14	32	0	ok:protected-sed
15	3	0	ok:protected-sed
15	3	0	ok:protected-sed
15	3	0	ok:protected-sed
15	3	0	ok:protected-sed
15	3	0	ok:protected-sed
15	3	0	ok:protected-sed
15	3	0	ok:protected-sed
15	5	0	ok:protected-sed
15	5	0	ok:protected-sed
15	5	0	ok:protected-sed
15	5	0	ok:protected-sed
15	5	0	ok:protected-sed
15	5	0	ok:protected-sed
15	5	0	ok:protected-sed
15	5	0	ok:protected-sed
15	5	0	ok:protected-sed
15	5	0	ok:protected-sed
15	5	0	ok:protected-sed
15	5	0	ok:protected-sed
15	5	0	ok:protected-sed
15	5	0	ok:protected-sed
15	5	0	ok:protected-sed
15	5	0	ok:protected-sed
15	5	0	ok:protected-sed
15	5	0	ok:protected-sed
15	5	0	ok:protected-sed
15	5	0	ok:protected-sed
15	5	0	ok:protected-sed
15	5	0	ok:protected-sed
15	5	0	ok:protected-sed
15	5	0	ok:protected-sed
15	5	0	ok:protected-sed
15	5	0	ok:protected-sed
15	5	0	ok:protected-sed
15	5	0	ok:protected-sed
15	5	0	ok:protected-sed
15	5	0	ok:protected-sed
15	5	0	ok:protected-sed
15	5	0	ok:protected-sed
15	5	0	ok:protected-sed
15	5	0	ok:protected-sed
15	5	0	ok:protected-sed
15	5	0	ok:protected-sed
15	6	0	ok:protected-sed
15	9	0	ok:protected-sed
15	9	0	ok:protected-sed
15	9	0	ok:protected-sed
15	9	0	ok:protected-sed
15	9	0	ok:protected-sed
15	9	0	ok:protected-sed
15	9	0	ok:protected-sed
15	9	0	ok:protected-sed
15	9	0	ok:protected-sed
15	9	0	ok:protected-sed
15	9	0	ok:protected-sed
15	9	0	ok:protected-sed
15	9	0	ok:protected-sed
15	9	0	ok:protected-sed
15	9	0	ok:protected-sed
15	9	0	ok:protected-sed
15	9	0	ok:protected-sed
15	9	0	ok:protected-sed
15	9	0	ok:protected-sed
15	9	0	ok:protected-sed
15	9	0	ok:protected-sed
15	9	0	ok:protected-sed
15	9	0	ok:protected-sed
15	9	0	ok:protected-sed
15	9	0	ok:protected-sed
15	9	0	ok:protected-sed
15	9	0	ok:protected-sed
15	9	0	ok:protected-sed
15	9	0	ok:protected-sed
15	9	0	ok:protected-sed
15	9	0	ok:protected-sed
15	9	0	ok:protected-sed
15	9	0	ok:protected-sed
15	9	0	ok:protected-sed
15	9	0	ok:protected-sed
15	9	0	ok:protected-sed
15	13	0	ok:protected-sed
15	15	0	ok:protected-sed
15	15	0	ok:protected-sed
15	15	0	ok:protected-sed
15	15	0	ok:protected-sed
15	15	0	ok:protected-sed
15	15	0	ok:protected-sed
15	15	0	ok:protected-sed
15	15	0	ok:protected-sed
15	15	0	ok:protected-sed
15	15	0	ok:protected-sed
15	15	0	ok:protected-sed
15	15	0	ok:protected-sed
15	15	0	ok:protected-sed
15	15	0	ok:protected-sed
15	15	0	ok:protected-sed
15	15	0	ok:protected-sed
15	15	0	ok:protected-sed
15	15	0	ok:protected-sed
15	15	0	ok:protected-sed
15	15	0	ok:protected-sed
15	15	0	ok:protected-sed
15	15	0	ok:protected-sed
15	15	0	ok:protected-sed
15	15	0	ok:protected-sed
15	15	0	ok:protected-sed
15	15	0	ok:protected-sed
15	15	0	ok:protected-sed
15	15	0	ok:protected-sed
15	15	0	ok:protected-sed
15	15	0	ok:protected-sed
15	15	0	ok:protected-sed
15	15	0	ok:protected-sed
15	15	0	ok:protected-sed
15	15	0	ok:protected-sed
15	15	0	ok:protected-sed
15	15	0	ok:protected-sed
15	15	0	ok:protected-sed
15	15	0	ok:protected-sed
15	15	0	ok:protected-sed
15	15	0	ok:protected-sed
15	15	0	ok:protected-sed
15	15	0	ok:protected-sed
15	15	0	ok:protected-sed
15	15	0	ok:protected-sed
15	15	0	ok:protected-sed
15	15	0	ok:protected-sed
15	15	0	ok:protected-sed
15	15	0	ok:protected-sed
15	15	0	ok:protected-sed
15	15	0	ok:protected-sed
15	15	0	ok:protected-sed
15	15	0	ok:protected-sed
15	15	0	ok:protected-sed
15	15	0	ok:protected-sed
15	15	0	ok:protected-sed
15	15	0	ok:protected-sed
15	15	0	ok:protected-sed
15	15	0	ok:protected-sed
15	15	0	ok:protected-sed
15	15	0	ok:protected-sed
15	15	0	ok:protected-sed
15	15	0	ok:protected-sed
15	15	0	ok:protected-sed
15	15	0	ok:protected-sed
15	15	0	ok:protected-sed
15	33	0	ok:protected-sed
15	33	0	ok:protected-sed
15	33	0	ok:protected-sed
16	11	0	ok:protected-sed
16	11	0	ok:protected-sed
16	11	0	ok:protected-sed
16	11	0	ok:protected-sed
16	11	0	ok:protected-sed
16	11	0	ok:protected-sed
16	11	0	ok:protected-sed
16	11	0	ok:protected-sed
16	11	0	ok:protected-sed
16	11	0	ok:protected-sed
16	11	0	ok:protected-sed
16	11	0	ok:protected-sed
16	11	0	ok:protected-sed
16	11	0	ok:protected-sed
16	11	0	ok:protected-sed
16	11	0	ok:protected-sed
16	11	0	ok:protected-sed
16	11	0	ok:protected-sed
16	11	0	ok:protected-sed
16	11	0	ok:protected-sed
16	11	0	ok:protected-sed
16	11	0	ok:protected-sed
16	11	0	ok:protected-sed
16	11	0	ok:protected-sed
16	11	0	ok:protected-sed
16	11	0	ok:protected-sed
16	11	0	ok:protected-sed
16	11	0	ok:protected-sed
16	11	0	ok:protected-sed
16	11	0	ok:protected-sed
16	11	0	ok:protected-sed
16	11	0	ok:protected-sed
16	11	0	ok:protected-sed
16	11	0	ok:protected-sed
16	11	0	ok:protected-sed
16	12	0	ok:protected-sed
16	12	0	ok:protected-sed
16	12	0	ok:protected-sed
16	12	0	ok:protected-sed
16	14	0	ok:protected-sed
16	16	0	ok:protected-sed
16	16	0	ok:protected-sed
16	16	0	ok:protected-sed
16	16	0	ok:protected-sed
16	16	0	ok:protected-sed
16	16	0	ok:protected-sed
16	16	0	ok:protected-sed
16	16	0	ok:protected-sed
16	16	0	ok:protected-sed
16	16	0	ok:protected-sed
16	16	0	ok:protected-sed
16	16	0	ok:protected-sed
16	16	0	ok:protected-sed
16	16	0	ok:protected-sed
16	16	0	ok:protected-sed
16	16	0	ok:protected-sed
16	16	0	ok:protected-sed
16	16	0	ok:protected-sed
16	16	0	ok:protected-sed
16	16	0	ok:protected-sed
16	16	0	ok:protected-sed
16	16	0	ok:protected-sed
16	16	0	ok:protected-sed
16	16	0	ok:protected-sed
16	16	0	ok:protected-sed
16	16	0	ok:protected-sed
16	16	0	ok:protected-sed
16	16	0	ok:protected-sed
16	16	0	ok:protected-sed
16	16	0	ok:protected-sed
16	16	0	ok:protected-sed
16	16	0	ok:protected-sed
16	16	0	ok:protected-sed
16	16	0	ok:protected-sed
16	16	0	ok:protected-sed
16	16	0	ok:protected-sed
16	16	0	ok:protected-sed
16	16	0	ok:protected-sed
16	16	0	ok:protected-sed
16	16	0	ok:protected-sed
16	16	0	ok:protected-sed
16	16	0	ok:protected-sed
16	16	0	ok:protected-sed
16	16	0	ok:protected-sed
16	16	0	ok:protected-sed
16	16	0	ok:protected-sed
16	16	0	ok:protected-sed
16	16	0	ok:protected-sed
16	16	0	ok:protected-sed
16	16	0	ok:protected-sed
16	16	0	ok:protected-sed
16	16	0	ok:protected-sed
16	16	0	ok:protected-sed
16	16	0	ok:protected-sed
16	16	0	ok:protected-sed
16	16	0	ok:protected-sed
16	16	0	ok:protected-sed
16	16	0	ok:protected-sed
16	34	0	ok:protected-sed
16	34	0	ok:protected-sed
16	34	0	ok:protected-sed
16	34	0	ok:protected-sed
16	34	0	ok:protected-sed
17	9	0	ok:protected-sed
17	15	0	ok:protected-sed
17	17	0	ok:protected-sed
17	17	0	ok:protected-sed
17	17	0	ok:protected-sed
17	17	0	ok:protected-sed
17	17	0	ok:protected-sed
17	17	0	ok:protected-sed
17	17	0	ok:protected-sed
17	17	0	ok:protected-sed
17	17	0	ok:protected-sed
17	17	0	ok:protected-sed
17	17	0	ok:protected-sed
17	17	0	ok:protected-sed
17	17	0	ok:protected-sed
17	17	0	ok:protected-sed
17	17	0	ok:protected-sed
17	17	0	ok:protected-sed
17	17	0	ok:protected-sed
17	17	0	ok:protected-sed
17	17	0	ok:protected-sed
17	17	0	ok:protected-sed
17	17	0	ok:protected-sed
17	17	0	ok:protected-sed
17	17	0	ok:protected-sed
17	17	0	ok:protected-sed
17	17	0	ok:protected-sed
17	17	0	ok:protected-sed
17	17	0	ok:protected-sed
17	17	0	ok:protected-sed
17	17	0	ok:protected-sed
17	17	0	ok:protected-sed
17	17	0	ok:protected-sed
17	17	0	ok:protected-sed
17	19	0	ok:protected-sed
17	21	0	ok:protected-sed
18	18	0	ok:protected-sed
18	18	0	ok:protected-sed
18	18	0	ok:protected-sed
18	18	0	ok:protected-sed
18	18	0	ok:protected-sed
18	18	0	ok:protected-sed
18	18	0	ok:protected-sed
18	18	0	ok:protected-sed
18	18	0	ok:protected-sed
18	18	0	ok:protected-sed
18	18	0	ok:protected-sed
18	18	0	ok:protected-sed
18	18	0	ok:protected-sed
18	18	0	ok:protected-sed
18	18	0	ok:protected-sed
18	18	0	ok:protected-sed
18	18	0	ok:protected-sed
18	18	0	ok:protected-sed
18	18	0	ok:protected-sed
18	18	0	ok:protected-sed
18	18	0	ok:protected-sed
18	18	0	ok:protected-sed
18	18	0	ok:protected-sed
18	18	0	ok:protected-sed
18	18	0	ok:protected-sed
18	18	0	ok:protected-sed
18	18	0	ok:protected-sed
18	18	0	ok:protected-sed
18	18	0	ok:protected-sed
18	18	0	ok:protected-sed
18	18	0	ok:protected-sed
18	18	0	ok:protected-sed
18	18	0	ok:protected-sed
18	18	0	ok:protected-sed
18	18	0	ok:protected-sed
18	18	0	ok:protected-sed
18	18	0	ok:protected-sed
18	18	0	ok:protected-sed
18	18	0	ok:protected-sed
18	18	0	ok:protected-sed
18	18	0	ok:protected-sed
18	18	0	ok:protected-sed
18	18	0	ok:protected-sed
18	18	0	ok:protected-sed
18	18	0	ok:protected-sed
18	18	0	ok:protected-sed
18	18	0	ok:protected-sed
19	18	0	ok:protected-sed
19	19	0	ok:protected-sed
19	19	0	ok:protected-sed
19	19	0	ok:protected-sed
19	19	0	ok:protected-sed
19	19	0	ok:protected-sed
19	19	0	ok:protected-sed
19	19	0	ok:protected-sed
19	19	0	ok:protected-sed
19	19	0	ok:protected-sed
19	19	0	ok:protected-sed
19	19	0	ok:protected-sed
19	19	0	ok:protected-sed
19	19	0	ok:protected-sed
19	19	0	ok:protected-sed
19	19	0	ok:protected-sed
19	19	0	ok:protected-sed
19	19	0	ok:protected-sed
19	19	0	ok:protected-sed
19	19	0	ok:protected-sed
19	19	0	ok:protected-sed
19	19	0	ok:protected-sed
19	19	0	ok:protected-sed
19	19	0	ok:protected-sed
19	19	0	ok:protected-sed
19	19	0	ok:protected-sed
19	19	0	ok:protected-sed
19	19	0	ok:protected-sed
19	19	0	ok:protected-sed
19	19	0	ok:protected-sed
19	19	0	ok:protected-sed
19	19	0	ok:protected-sed
19	19	0	ok:protected-sed
19	19	0	ok:protected-sed
19	19	0	ok:protected-sed
19	19	0	ok:protected-sed
19	19	0	ok:protected-sed
19	19	0	ok:protected-sed
19	19	0	ok:protected-sed
19	19	0	ok:protected-sed
19	19	0	ok:protected-sed
19	19	0	ok:protected-sed
19	19	0	ok:protected-sed
19	19	0	ok:protected-sed
19	19	0	ok:protected-sed
19	46	0	ok:protected-sed
20	9	0	ok:protected-sed
20	9	0	ok:protected-sed
20	10	0	ok:protected-sed
20	10	0	ok:protected-sed
20	20	0	ok:protected-sed
20	20	0	ok:protected-sed
20	20	0	ok:protected-sed
20	20	0	ok:protected-sed
20	20	0	ok:protected-sed
20	20	0	ok:protected-sed
20	20	0	ok:protected-sed
20	20	0	ok:protected-sed
20	20	0	ok:protected-sed
20	20	0	ok:protected-sed
20	20	0	ok:protected-sed
20	20	0	ok:protected-sed
20	20	0	ok:protected-sed
20	20	0	ok:protected-sed
20	20	0	ok:protected-sed
20	20	0	ok:protected-sed
20	20	0	ok:protected-sed
20	20	0	ok:protected-sed
20	20	0	ok:protected-sed
20	20	0	ok:protected-sed
20	20	0	ok:protected-sed
20	20	0	ok:protected-sed
20	20	0	ok:protected-sed
20	20	0	ok:protected-sed
20	20	0	ok:protected-sed
20	20	0	ok:protected-sed
20	20	0	ok:protected-sed
20	20	0	ok:protected-sed
20	20	0	ok:protected-sed
21	21	0	ok:protected-sed
21	21	0	ok:protected-sed
21	21	0	ok:protected-sed
21	21	0	ok:protected-sed
21	21	0	ok:protected-sed
21	21	0	ok:protected-sed
21	21	0	ok:protected-sed
21	21	0	ok:protected-sed
21	21	0	ok:protected-sed
21	21	0	ok:protected-sed
21	21	0	ok:protected-sed
21	21	0	ok:protected-sed
21	21	0	ok:protected-sed
21	21	0	ok:protected-sed
21	21	0	ok:protected-sed
21	21	0	ok:protected-sed
21	21	0	ok:protected-sed
21	21	0	ok:protected-sed
21	21	0	ok:protected-sed
21	21	0	ok:protected-sed
21	21	0	ok:protected-sed
21	21	0	ok:protected-sed
21	21	0	ok:protected-sed
21	21	0	ok:protected-sed
21	21	0	ok:protected-sed
21	21	0	ok:protected-sed
21	21	0	ok:protected-sed
21	21	0	ok:protected-sed
21	21	0	ok:protected-sed
21	21	0	ok:protected-sed
21	21	0	ok:protected-sed
21	21	0	ok:protected-sed
21	21	0	ok:protected-sed
21	21	0	ok:protected-sed
21	21	0	ok:protected-sed
21	21	0	ok:protected-sed
21	21	0	ok:protected-sed
21	21	0	ok:protected-sed
21	21	0	ok:protected-sed
21	25	0	ok:protected-sed
21	25	0	ok:protected-sed
21	25	0	ok:protected-sed
21	25	0	ok:protected-sed
21	25	0	ok:protected-sed
21	25	0	ok:protected-sed
21	25	0	ok:protected-sed
21	25	0	ok:protected-sed
22	12	0	ok:protected-sed
22	22	0	ok:protected-sed
22	22	0	ok:protected-sed
22	22	0	ok:protected-sed
22	22	0	ok:protected-sed
22	22	0	ok:protected-sed
22	22	0	ok:protected-sed
22	22	0	ok:protected-sed
22	22	0	ok:protected-sed
22	22	0	ok:protected-sed
22	22	0	ok:protected-sed
22	22	0	ok:protected-sed
22	22	0	ok:protected-sed
22	22	0	ok:protected-sed
22	22	0	ok:protected-sed
22	22	0	ok:protected-sed
22	22	0	ok:protected-sed
22	22	0	ok:protected-sed
22	22	0	ok:protected-sed
22	22	0	ok:protected-sed
22	22	0	ok:protected-sed
22	22	0	ok:protected-sed
22	22	0	ok:protected-sed
22	22	0	ok:protected-sed
22	22	0	ok:protected-sed
22	22	0	ok:protected-sed
22	22	0	ok:protected-sed
22	22	0	ok:protected-sed
22	22	0	ok:protected-sed
22	22	0	ok:protected-sed
22	22	0	ok:protected-sed
22	22	0	ok:protected-sed
22	22	0	ok:protected-sed
22	22	0	ok:protected-sed
22	22	0	ok:protected-sed
22	22	0	ok:protected-sed
22	22	0	ok:protected-sed
22	22	0	ok:protected-sed
22	22	0	ok:protected-sed
22	22	0	ok:protected-sed
22	22	0	ok:protected-sed
22	22	0	ok:protected-sed
22	22	0	ok:protected-sed
22	22	0	ok:protected-sed
22	22	0	ok:protected-sed
22	22	0	ok:protected-sed
22	22	0	ok:protected-sed
22	22	0	ok:protected-sed
22	22	0	ok:protected-sed
22	22	0	ok:protected-sed
22	22	0	ok:protected-sed
22	22	0	ok:protected-sed
22	22	0	ok:protected-sed
22	22	0	ok:protected-sed
22	22	0	ok:protected-sed
22	22	0	ok:protected-sed
22	22	0	ok:protected-sed
22	22	0	ok:protected-sed
22	22	0	ok:protected-sed
22	22	0	ok:protected-sed
22	22	0	ok:protected-sed
22	22	0	ok:protected-sed
22	22	0	ok:protected-sed
22	22	0	ok:protected-sed
22	22	0	ok:protected-sed
22	22	0	ok:protected-sed
22	22	0	ok:protected-sed
22	22	0	ok:protected-sed
22	22	0	ok:protected-sed
22	22	0	ok:protected-sed
22	22	0	ok:protected-sed
22	22	0	ok:protected-sed
22	22	0	ok:protected-sed
22	22	0	ok:protected-sed
22	22	0	ok:protected-sed
22	22	0	ok:protected-sed
22	22	0	ok:protected-sed
22	22	0	ok:protected-sed
22	22	0	ok:protected-sed
22	22	0	ok:protected-sed
22	22	0	ok:protected-sed
22	22	0	ok:protected-sed
22	22	0	ok:protected-sed
22	22	0	ok:protected-sed
22	22	0	ok:protected-sed
22	22	0	ok:protected-sed
22	22	0	ok:protected-sed
22	22	0	ok:protected-sed
22	22	0	ok:protected-sed
22	22	0	ok:protected-sed
22	22	0	ok:protected-sed
22	22	0	ok:protected-sed
22	22	0	ok:protected-sed
22	22	0	ok:protected-sed
22	22	0	ok:protected-sed
22	22	0	ok:protected-sed
22	22	0	ok:protected-sed
22	22	0	ok:protected-sed
22	22	0	ok:protected-sed
22	22	0	ok:protected-sed
22	22	0	ok:protected-sed
22	22	0	ok:protected-sed
22	22	0	ok:protected-sed
22	22	0	ok:protected-sed
22	22	0	ok:protected-sed
22	22	0	ok:protected-sed
22	22	0	ok:protected-sed
22	22	0	ok:protected-sed
22	22	0	ok:protected-sed
22	22	0	ok:protected-sed
22	22	0	ok:protected-sed
22	22	0	ok:protected-sed
22	22	0	ok:protected-sed
22	22	0	ok:protected-sed
22	22	0	ok:protected-sed
22	22	0	ok:protected-sed
22	22	0	ok:protected-sed
22	22	0	ok:protected-sed
22	22	0	ok:protected-sed
22	22	0	ok:protected-sed
22	22	0	ok:protected-sed
23	23	0	ok:protected-sed
23	23	0	ok:protected-sed
23	23	0	ok:protected-sed
23	23	0	ok:protected-sed
23	23	0	ok:protected-sed
23	23	0	ok:protected-sed
23	23	0	ok:protected-sed
23	23	0	ok:protected-sed
23	23	0	ok:protected-sed
23	23	0	ok:protected-sed
23	23	0	ok:protected-sed
23	23	0	ok:protected-sed
23	23	0	ok:protected-sed
23	23	0	ok:protected-sed
23	23	0	ok:protected-sed
23	23	0	ok:protected-sed
23	23	0	ok:protected-sed
23	23	0	ok:protected-sed
23	23	0	ok:protected-sed
23	23	0	ok:protected-sed
23	23	0	ok:protected-sed
23	23	0	ok:protected-sed
23	23	0	ok:protected-sed
23	23	0	ok:protected-sed
23	23	0	ok:protected-sed
23	23	0	ok:protected-sed
23	23	0	ok:protected-sed
23	23	0	ok:protected-sed
23	23	0	ok:protected-sed
23	23	0	ok:protected-sed
23	23	0	ok:protected-sed
23	23	0	ok:protected-sed
23	23	0	ok:protected-sed
24	24	0	ok:protected-sed
24	24	0	ok:protected-sed
24	24	0	ok:protected-sed
24	24	0	ok:protected-sed
24	24	0	ok:protected-sed
24	24	0	ok:protected-sed
24	24	0	ok:protected-sed
24	24	0	ok:protected-sed
24	24	0	ok:protected-sed
24	24	0	ok:protected-sed
24	24	0	ok:protected-sed
24	24	0	ok:protected-sed
24	24	0	ok:protected-sed
24	24	0	ok:protected-sed
24	24	0	ok:protected-sed
24	24	0	ok:protected-sed
24	24	0	ok:protected-sed
24	24	0	ok:protected-sed
24	24	0	ok:protected-sed
24	24	0	ok:protected-sed
24	24	0	ok:protected-sed
24	24	0	ok:protected-sed
24	24	0	ok:protected-sed
24	24	0	ok:protected-sed
24	24	0	ok:protected-sed
24	24	0	ok:protected-sed
24	24	0	ok:protected-sed
24	24	0	ok:protected-sed
24	24	0	ok:protected-sed
24	24	0	ok:protected-sed
24	24	0	ok:protected-sed
24	24	0	ok:protected-sed
24	24	0	ok:protected-sed
24	24	0	ok:protected-sed
24	24	0	ok:protected-sed
24	24	0	ok:protected-sed
24	24	0	ok:protected-sed
24	24	0	ok:protected-sed
24	24	0	ok:protected-sed
24	24	0	ok:protected-sed
25	7	0	ok:protected-sed
25	7	0	ok:protected-sed
25	7	0	ok:protected-sed
25	7	0	ok:protected-sed
25	7	0	ok:protected-sed
25	7	0	ok:protected-sed
25	8	0	ok:protected-sed
25	8	0	ok:protected-sed
25	10	0	ok:protected-sed
25	10	0	ok:protected-sed
25	10	0	ok:protected-sed
25	10	0	ok:protected-sed
25	10	0	ok:protected-sed
25	10	0	ok:protected-sed
25	10	0	ok:protected-sed
25	10	0	ok:protected-sed
25	10	0	ok:protected-sed
25	10	0	ok:protected-sed
25	10	0	ok:protected-sed
25	10	0	ok:protected-sed
25	10	0	ok:protected-sed
25	10	0	ok:protected-sed
25	10	0	ok:protected-sed
25	10	0	ok:protected-sed
25	10	0	ok:protected-sed
25	10	0	ok:protected-sed
25	10	0	ok:protected-sed
25	10	0	ok:protected-sed
25	10	0	ok:protected-sed
25	10	0	ok:protected-sed
25	10	0	ok:protected-sed
25	10	0	ok:protected-sed
25	10	0	ok:protected-sed
25	10	0	ok:protected-sed
25	10	0	ok:protected-sed
25	10	0	ok:protected-sed
25	10	0	ok:protected-sed
25	10	0	ok:protected-sed
25	10	0	ok:protected-sed
25	15	0	ok:protected-sed
25	15	0	ok:protected-sed
25	15	0	ok:protected-sed
25	15	0	ok:protected-sed
25	15	0	ok:protected-sed
25	15	0	ok:protected-sed
25	15	0	ok:protected-sed
25	15	0	ok:protected-sed
25	15	0	ok:protected-sed
25	15	0	ok:protected-sed
25	15	0	ok:protected-sed
25	15	0	ok:protected-sed
25	15	0	ok:protected-sed
25	15	0	ok:protected-sed
25	15	0	ok:protected-sed
25	15	0	ok:protected-sed
25	15	0	ok:protected-sed
25	15	0	ok:protected-sed
25	15	0	ok:protected-sed
25	15	0	ok:protected-sed
25	15	0	ok:protected-sed
25	15	0	ok:protected-sed
25	15	0	ok:protected-sed
25	15	0	ok:protected-sed
25	15	0	ok:protected-sed
25	15	0	ok:protected-sed
25	15	0	ok:protected-sed
25	15	0	ok:protected-sed
25	15	0	ok:protected-sed
25	23	0	ok:protected-sed
25	25	0	ok:protected-sed
25	25	0	ok:protected-sed
25	25	0	ok:protected-sed
25	25	0	ok:protected-sed
25	25	0	ok:protected-sed
25	25	0	ok:protected-sed
25	25	0	ok:protected-sed
25	25	0	ok:protected-sed
25	25	0	ok:protected-sed
25	25	0	ok:protected-sed
25	25	0	ok:protected-sed
25	25	0	ok:protected-sed
25	25	0	ok:protected-sed
25	25	0	ok:protected-sed
25	25	0	ok:protected-sed
25	25	0	ok:protected-sed
25	25	0	ok:protected-sed
25	25	0	ok:protected-sed
25	25	0	ok:protected-sed
25	25	0	ok:protected-sed
25	25	0	ok:protected-sed
25	25	0	ok:protected-sed
25	25	0	ok:protected-sed
25	25	0	ok:protected-sed
25	25	0	ok:protected-sed
25	25	0	ok:protected-sed
25	25	0	ok:protected-sed
25	25	0	ok:protected-sed
25	25	0	ok:protected-sed
25	25	0	ok:protected-sed
25	25	0	ok:protected-sed
25	25	0	ok:protected-sed
25	25	0	ok:protected-sed
25	25	0	ok:protected-sed
25	25	0	ok:protected-sed
25	25	0	ok:protected-sed
25	25	0	ok:protected-sed
25	25	0	ok:protected-sed
25	25	0	ok:protected-sed
25	25	0	ok:protected-sed
25	25	0	ok:protected-sed
25	25	0	ok:protected-sed
25	25	0	ok:protected-sed
25	25	0	ok:protected-sed
25	25	0	ok:protected-sed
25	25	0	ok:protected-sed
25	25	0	ok:protected-sed
25	25	0	ok:protected-sed
25	25	0	ok:protected-sed
25	25	0	ok:protected-sed
25	25	0	ok:protected-sed
25	25	0	ok:protected-sed
25	25	0	ok:protected-sed
25	25	0	ok:protected-sed
25	25	0	ok:protected-sed
25	25	0	ok:protected-sed
25	25	0	ok:protected-sed
25	25	0	ok:protected-sed
25	25	0	ok:protected-sed
25	39	0	ok:protected-sed
26	15	0	ok:protected-sed
26	15	0	ok:protected-sed
26	15	0	ok:protected-sed
26	15	0	ok:protected-sed
26	15	0	ok:protected-sed
26	15	0	ok:protected-sed
26	15	0	ok:protected-sed
26	15	0	ok:protected-sed
26	15	0	ok:protected-sed
26	15	0	ok:protected-sed
26	15	0	ok:protected-sed
26	15	0	ok:protected-sed
26	15	0	ok:protected-sed
26	15	0	ok:protected-sed
26	26	0	ok:protected-sed
26	26	0	ok:protected-sed
26	26	0	ok:protected-sed
26	26	0	ok:protected-sed
26	26	0	ok:protected-sed
26	26	0	ok:protected-sed
26	26	0	ok:protected-sed
26	26	0	ok:protected-sed
26	26	0	ok:protected-sed
26	26	0	ok:protected-sed
26	26	0	ok:protected-sed
26	26	0	ok:protected-sed
26	26	0	ok:protected-sed
26	26	0	ok:protected-sed
26	26	0	ok:protected-sed
27	27	0	ok:protected-sed
27	27	0	ok:protected-sed
28	28	0	ok:protected-sed
28	28	0	ok:protected-sed
28	28	0	ok:protected-sed
28	28	0	ok:protected-sed
28	28	0	ok:protected-sed
29	27	0	ok:protected-sed
29	29	0	ok:protected-sed
29	29	0	ok:protected-sed
29	29	0	ok:protected-sed
29	29	0	ok:protected-sed
29	29	0	ok:protected-sed
29	29	0	ok:protected-sed
29	29	0	ok:protected-sed
29	29	0	ok:protected-sed
29	29	0	ok:protected-sed
29	29	0	ok:protected-sed
29	29	0	ok:protected-sed
29	29	0	ok:protected-sed
29	29	0	ok:protected-sed
29	87	0	ok:protected-sed
29	87	0	ok:protected-sed
29	87	0	ok:protected-sed
29	87	0	ok:protected-sed
29	87	0	ok:protected-sed
29	87	0	ok:protected-sed
29	87	0	ok:protected-sed
29	87	0	ok:protected-sed
29	87	0	ok:protected-sed
29	87	0	ok:protected-sed
34	34	0	ok:protected-sed
34	34	0	ok:protected-sed
34	34	0	ok:protected-sed
34	34	0	ok:protected-sed
34	34	0	ok:protected-sed
34	34	0	ok:protected-sed
34	34	0	ok:protected-sed
34	34	0	ok:protected-sed
34	34	0	ok:protected-sed
34	34	0	ok:protected-sed
34	34	0	ok:protected-sed
34	34	0	ok:protected-sed
34	34	0	ok:protected-sed
34	34	0	ok:protected-sed
34	34	0	ok:protected-sed
34	34	0	ok:protected-sed
34	34	0	ok:protected-sed
34	37	0	ok:protected-sed
34	37	0	ok:protected-sed
34	37	0	ok:protected-sed
34	37	0	ok:protected-sed
34	37	0	ok:protected-sed
34	37	0	ok:protected-sed
34	37	0	ok:protected-sed
34	37	0	ok:protected-sed
35	35	0	ok:protected-sed
36	36	0	ok:protected-sed
36	36	0	ok:protected-sed
36	36	0	ok:protected-sed
38	38	0	ok:protected-sed
39	37	0	ok:protected-sed
39	37	0	ok:protected-sed
39	39	0	ok:protected-sed
39	39	0	ok:protected-sed
39	39	0	ok:protected-sed
39	39	0	ok:protected-sed
39	39	0	ok:protected-sed
39	39	0	ok:protected-sed
39	39	0	ok:protected-sed
39	39	0	ok:protected-sed
39	39	0	ok:protected-sed
39	39	0	ok:protected-sed
39	43	0	ok:protected-sed
39	43	0	ok:protected-sed
39	43	0	ok:protected-sed
39	43	0	ok:protected-sed
39	43	0	ok:protected-sed
39	43	0	ok:protected-sed
39	43	0	ok:protected-sed
39	43	0	ok:protected-sed
39	43	0	ok:protected-sed
40	40	0	ok:protected-sed
40	40	0	ok:protected-sed
40	40	0	ok:protected-sed
40	40	0	ok:protected-sed
40	40	0	ok:protected-sed
40	40	0	ok:protected-sed
40	40	0	ok:protected-sed
40	40	0	ok:protected-sed
40	40	0	ok:protected-sed
40	40	0	ok:protected-sed
40	40	0	ok:protected-sed
40	40	0	ok:protected-sed
40	40	0	ok:protected-sed
40	40	0	ok:protected-sed
40	40	0	ok:protected-sed
40	40	0	ok:protected-sed
40	40	0	ok:protected-sed
40	40	0	ok:protected-sed
40	40	0	ok:protected-sed
40	40	0	ok:protected-sed
40	40	0	ok:protected-sed
40	40	0	ok:protected-sed
40	40	0	ok:protected-sed
40	40	0	ok:protected-sed
40	44	0	ok:protected-sed
40	44	0	ok:protected-sed
40	44	0	ok:protected-sed
40	44	0	ok:protected-sed
40	44	0	ok:protected-sed
40	44	0	ok:protected-sed
40	44	0	ok:protected-sed
40	44	0	ok:protected-sed
40	49	0	ok:protected-sed
40	49	0	ok:protected-sed
40	49	0	ok:protected-sed
40	49	0	ok:protected-sed
40	49	0	ok:protected-sed
40	49	0	ok:protected-sed
40	49	0	ok:protected-sed
40	49	0	ok:protected-sed
41	41	0	ok:protected-sed
41	41	0	ok:protected-sed
41	41	0	ok:protected-sed
41	41	0	ok:protected-sed
41	41	0	ok:protected-sed
41	41	0	ok:protected-sed
41	41	0	ok:protected-sed
41	41	0	ok:protected-sed
43	43	0	ok:protected-sed
46	46	0	ok:protected-sed
46	46	0	ok:protected-sed
46	46	0	ok:protected-sed
46	46	0	ok:protected-sed
46	46	0	ok:protected-sed
46	46	0	ok:protected-sed
46	46	0	ok:protected-sed
46	46	0	ok:protected-sed
46	46	0	ok:protected-sed
46	52	0	ok:protected-sed
46	52	0	ok:protected-sed
46	52	0	ok:protected-sed
46	52	0	ok:protected-sed
46	52	0	ok:protected-sed
46	52	0	ok:protected-sed
46	52	0	ok:protected-sed
46	52	0	ok:protected-sed
46	52	0	ok:protected-sed
46	64	0	ok:protected-sed
46	64	0	ok:protected-sed
46	64	0	ok:protected-sed
46	64	0	ok:protected-sed
46	64	0	ok:protected-sed
46	64	0	ok:protected-sed
46	64	0	ok:protected-sed
46	64	0	ok:protected-sed
46	64	0	ok:protected-sed
46	64	0	ok:protected-sed
46	64	0	ok:protected-sed
46	64	0	ok:protected-sed
46	64	0	ok:protected-sed
46	64	0	ok:protected-sed
46	64	0	ok:protected-sed
46	64	0	ok:protected-sed
52	52	0	ok:protected-sed
57	49	0	ok:protected-sed
57	49	0	ok:protected-sed
57	61	0	ok:protected-sed
57	61	0	ok:protected-sed
64	185	0	ok:protected-sed
80	58	0	ok:protected-sed
80	58	0	ok:protected-sed
80	58	0	ok:protected-sed
80	58	0	ok:protected-sed
80	58	0	ok:protected-sed
80	58	0	ok:protected-sed
80	58	0	ok:protected-sed
80	58	0	ok:protected-sed
80	58	0	ok:protected-sed
80	58	0	ok:protected-sed
81	81	0	ok:protected-sed
81	81	0	ok:protected-sed
81	81	0	ok:protected-sed
81	81	0	ok:protected-sed
81	81	0	ok:protected-sed
81	81	0	ok:protected-sed
81	81	0	ok:protected-sed
81	81	0	ok:protected-sed
88	88	0	ok:protected-sed
88	88	0	ok:protected-sed
88	88	0	ok:protected-sed
88	88	0	ok:protected-sed
88	88	0	ok:protected-sed
88	88	0	ok:protected-sed
88	88	0	ok:protected-sed
88	88	0	ok:protected-sed
89	89	0	ok:protected-sed
89	89	0	ok:protected-sed
89	89	0	ok:protected-sed
89	89	0	ok:protected-sed
89	89	0	ok:protected-sed
89	89	0	ok:protected-sed
89	89	0	ok:protected-sed
89	89	0	ok:protected-sed
89	90	0	ok:protected-sed
89	90	0	ok:protected-sed
89	90	0	ok:protected-sed
90	90	0	ok:protected-sed
90	90	0	ok:protected-sed
90	90	0	ok:protected-sed
90	90	0	ok:protected-sed
90	90	0	ok:protected-sed
90	90	0	ok:protected-sed
90	90	0	ok:protected-sed
90	90	0	ok:protected-sed
92	92	0	ok:protected-sed
92	92	0	ok:protected-sed
92	92	0	ok:protected-sed
92	92	0	ok:protected-sed
92	92	0	ok:protected-sed
92	92	0	ok:protected-sed
92	92	0	ok:protected-sed
92	92	0	ok:protected-sed
95	89	0	ok:protected-sed
95	89	0	ok:protected-sed
95	96	0	ok:protected-sed
95	96	0	ok:protected-sed
95	96	0	ok:protected-sed
95	96	0	ok:protected-sed
95	96	0	ok:protected-sed
95	96	0	ok:protected-sed
95	96	0	ok:protected-sed
95	96	0	ok:protected-sed
96	11	0	ok:protected-sed
96	89	0	ok:protected-sed
97	89	0	ok:protected-sed
97	103	0	ok:protected-sed
97	103	0	ok:protected-sed
97	103	0	ok:protected-sed
97	103	0	ok:protected-sed
97	103	0	ok:protected-sed
97	103	0	ok:protected-sed
97	103	0	ok:protected-sed
97	103	0	ok:protected-sed
97	103	0	ok:protected-sed
97	103	0	ok:protected-sed
97	103	0	ok:protected-sed
97	103	0	ok:protected-sed
97	103	0	ok:protected-sed
97	103	0	ok:protected-sed
97	103	0	ok:protected-sed
97	103	0	ok:protected-sed
99	89	0	ok:protected-sed
99	99	0	ok:protected-sed
99	99	0	ok:protected-sed
99	99	0	ok:protected-sed
99	99	0	ok:protected-sed
99	99	0	ok:protected-sed
99	99	0	ok:protected-sed
99	99	0	ok:protected-sed
99	99	0	ok:protected-sed
102	95	0	ok:protected-sed
103	95	0	ok:protected-sed
103	95	0	ok:protected-sed
104	95	0	ok:protected-sed
104	95	0	ok:protected-sed
104	95	0	ok:protected-sed
104	95	0	ok:protected-sed
105	95	0	ok:protected-sed
106	106	0	ok:protected-sed
106	106	0	ok:protected-sed
106	106	0	ok:protected-sed
106	106	0	ok:protected-sed
106	106	0	ok:protected-sed
106	106	0	ok:protected-sed
106	106	0	ok:protected-sed
106	106	0	ok:protected-sed
106	116	0	ok:protected-sed
106	116	0	ok:protected-sed
106	116	0	ok:protected-sed
106	116	0	ok:protected-sed
106	116	0	ok:protected-sed
106	116	0	ok:protected-sed
106	116	0	ok:protected-sed
106	116	0	ok:protected-sed
123	135	0	ok:protected-sed
123	135	0	ok:protected-sed
123	135	0	ok:protected-sed
123	135	0	ok:protected-sed
123	135	0	ok:protected-sed
123	135	0	ok:protected-sed
123	135	0	ok:protected-sed
123	135	0	ok:protected-sed
123	141	0	ok:protected-sed
123	141	0	ok:protected-sed
123	141	0	ok:protected-sed
123	141	0	ok:protected-sed
123	141	0	ok:protected-sed
123	141	0	ok:protected-sed
123	141	0	ok:protected-sed
123	141	0	ok:protected-sed
126	123	0	ok:protected-sed
126	123	0	ok:protected-sed
131	10	0	ok:protected-sed
131	10	0	ok:protected-sed
131	10	0	ok:protected-sed
131	10	0	ok:protected-sed
131	10	0	ok:protected-sed
131	10	0	ok:protected-sed
131	10	0	ok:protected-sed
131	10	0	ok:protected-sed
131	131	0	ok:protected-sed
131	131	0	ok:protected-sed
131	131	0	ok:protected-sed
131	131	0	ok:protected-sed
131	131	0	ok:protected-sed
131	131	0	ok:protected-sed
131	131	0	ok:protected-sed
131	131	0	ok:protected-sed
131	131	0	ok:protected-sed
144	256	0	ok:protected-sed
151	151	0	ok:protected-sed
151	151	0	ok:protected-sed
151	151	0	ok:protected-sed
151	151	0	ok:protected-sed
151	151	0	ok:protected-sed
151	151	0	ok:protected-sed
151	151	0	ok:protected-sed
151	151	0	ok:protected-sed
161	161	0	ok:protected-sed
161	161	0	ok:protected-sed
161	161	0	ok:protected-sed
161	161	0	ok:protected-sed
161	161	0	ok:protected-sed
161	161	0	ok:protected-sed
161	161	0	ok:protected-sed
161	161	0	ok:protected-sed
165	137	0	ok:protected-sed
165	137	0	ok:protected-sed
195	208	0	ok:protected-sed
195	208	0	ok:protected-sed
195	286	0	ok:protected-sed
195	286	0	ok:protected-sed
197	215	0	ok:protected-sed
197	215	0	ok:protected-sed
197	215	0	ok:protected-sed
197	215	0	ok:protected-sed
197	215	0	ok:protected-sed
197	215	0	ok:protected-sed
197	215	0	ok:protected-sed
197	215	0	ok:protected-sed
197	225	0	ok:protected-sed
197	225	0	ok:protected-sed
197	225	0	ok:protected-sed
197	225	0	ok:protected-sed
197	225	0	ok:protected-sed
197	225	0	ok:protected-sed
197	225	0	ok:protected-sed
197	225	0	ok:protected-sed
219	201	0	ok:protected-sed
219	201	0	ok:protected-sed
224	224	0	ok:protected-sed
224	224	0	ok:protected-sed
224	224	0	ok:protected-sed
224	224	0	ok:protected-sed
224	224	0	ok:protected-sed
224	224	0	ok:protected-sed
224	224	0	ok:protected-sed
224	224	0	ok:protected-sed
224	224	0	ok:protected-sed
224	224	0	ok:protected-sed
224	224	0	ok:protected-sed
224	224	0	ok:protected-sed
224	224	0	ok:protected-sed
224	224	0	ok:protected-sed
224	224	0	ok:protected-sed
224	224	0	ok:protected-sed
272	4	0	ok:protected-sed
297	380	0	ok:protected-sed
321	321	0	ok:protected-sed
321	321	0	ok:protected-sed
321	321	0	ok:protected-sed
321	321	0	ok:protected-sed
321	321	0	ok:protected-sed
321	321	0	ok:protected-sed
321	321	0	ok:protected-sed
321	321	0	ok:protected-sed
345	357	0	ok:protected-sed
345	357	0	ok:protected-sed
364	734	0	ok:protected-sed
376	766	0	ok:protected-sed
402	326	0	ok:protected-sed
402	326	0	ok:protected-sed
571	471	0	ok:protected-sed
633	682	0	ok:protected-sed
633	682	0	ok:protected-sed
641	641	0	ok:protected-sed
641	641	0	ok:protected-sed
641	641	0	ok:protected-sed
641	641	0	ok:protected-sed
641	641	0	ok:protected-sed
641	641	0	ok:protected-sed
641	641	0	ok:protected-sed
641	641	0	ok:protected-sed
697	698	0	ok:protected-sed
698	698	0	ok:protected-sed
734	732	0	ok:protected-sed
739	1499	0	ok:protected-sed
766	764	0	ok:protected-sed
797	2384	0	ok:protected-sed
808	807	0	ok:protected-sed
863	864	0	ok:protected-sed
864	864	0	ok:protected-sed
920	2760	0	ok:protected-sed
1264	3778	0	ok:protected-sed
1281	1281	0	ok:protected-sed
1281	1281	0	ok:protected-sed
1281	1281	0	ok:protected-sed
1281	1281	0	ok:protected-sed
1281	1281	0	ok:protected-sed
1281	1281	0	ok:protected-sed
1281	1281	0	ok:protected-sed
1281	1281	0	ok:protected-sed
1340	1339	0	ok:protected-sed
1340	1339	0	ok:protected-sed
1340	1339	0	ok:protected-sed
1340	1339	0	ok:protected-sed
1340	1339	0	ok:protected-sed
1340	1339	0	ok:protected-sed
1340	1339	0	ok:protected-sed
1340	1339	0	ok:protected-sed
1340	1339	0	ok:protected-sed
1382	4134	0	ok:protected-sed
1479	1223	0	ok:protected-sed
1499	1497	0	ok:protected-sed
1566	4692	0	ok:protected-sed
1643	1644	0	ok:protected-sed
1644	1644	0	ok:protected-sed
1654	1654	0	ok:protected-sed
1657	4874	0	ok:protected-sed
1659	1654	0	ok:protected-sed
1719	5088	0	ok:protected-sed
1851	5402	0	ok:protected-sed
1882	1887	0	ok:protected-sed
1887	1887	0	ok:protected-sed
1938	1952	0	ok:protected-sed
1952	1952	0	ok:protected-sed
1961	5702	0	ok:protected-sed
1961	5702	0	ok:protected-sed
2325	2328	0	ok:protected-sed
2325	2328	0	ok:protected-sed
2328	2328	0	ok:protected-sed
2328	2328	0	ok:protected-sed
2561	2561	0	ok:protected-sed
2561	2561	0	ok:protected-sed
2561	2561	0	ok:protected-sed
2561	2561	0	ok:protected-sed
2561	2561	0	ok:protected-sed
2561	2561	0	ok:protected-sed
2561	2561	0	ok:protected-sed
2561	2561	0	ok:protected-sed
2880	5290	0	ok:protected-sed
3101	2577	0	ok:protected-sed
3286	3456	0	ok:protected-sed
3435	4785	0	ok:protected-sed
3456	3377	0	ok:protected-sed
3464	3464	0	ok:protected-sed
3469	3464	0	ok:protected-sed
3567	3763	0	ok:protected-sed
3763	3671	0	ok:protected-sed
4100	4100	0	ok:protected-sed
4141	4141	0	ok:protected-sed
4247	6374	0	ok:protected-sed
4414	7144	0	ok:protected-sed
4421	6042	0	ok:protected-sed
4450	6107	0	ok:protected-sed
4839	4091	0	ok:protected-sed
5121	5121	0	ok:protected-sed
5121	5121	0	ok:protected-sed
5121	5121	0	ok:protected-sed
5121	5121	0	ok:protected-sed
5121	5121	0	ok:protected-sed
5121	5121	0	ok:protected-sed
5121	5121	0	ok:protected-sed
5121	5121	0	ok:protected-sed
5290	5288	0	ok:protected-sed
5361	5650	0	ok:protected-sed
5567	8172	0	ok:protected-sed
5626	8105	0	ok:protected-sed
5650	5513	0	ok:protected-sed
5690	6003	0	ok:protected-sed
5835	6162	0	ok:protected-sed
5875	8759	0	ok:protected-sed
5983	5983	0	ok:protected-sed
6003	5878	0	ok:protected-sed
6162	6006	0	ok:protected-sed
6254	6585	0	ok:protected-sed
6269	6620	0	ok:protected-sed
6348	6348	0	ok:protected-sed
6402	6761	0	ok:protected-sed
6476	6476	0	ok:protected-sed
6585	6429	0	ok:protected-sed
6620	6455	0	ok:protected-sed
6761	6591	0	ok:protected-sed
6795	11417	0	ok:protected-sed
6899	6899	0	ok:protected-sed
6925	6925	0	ok:protected-sed
7144	7142	0	ok:protected-sed
7212	11549	0	ok:protected-sed
7212	11549	0	ok:protected-sed
7294	7294	0	ok:protected-sed
7832	8227	0	ok:protected-sed
7832	8227	0	ok:protected-sed
8227	8049	0	ok:protected-sed
8227	8049	0	ok:protected-sed
8519	8519	0	ok:protected-sed
8519	8519	0	ok:protected-sed
9344	7227	0	ok:protected-sed
9344	7227	0	ok:protected-sed
9344	7227	0	ok:protected-sed
9344	7227	0	ok:protected-sed
9344	7227	0	ok:protected-sed
9344	7227	0	ok:protected-sed
9344	7227	0	ok:protected-sed
9344	7227	0	ok:protected-sed
9511	8047	0	ok:protected-sed
9511	8047	0	ok:protected-sed
10241	10241	0	ok:protected-sed
10241	10241	0	ok:protected-sed
10241	10241	0	ok:protected-sed
10241	10241	0	ok:protected-sed
10241	10241	0	ok:protected-sed
10241	10241	0	ok:protected-sed
10241	10241	0	ok:protected-sed
10241	10241	0	ok:protected-sed
10328	8792	0	ok:protected-sed
20481	20481	0	ok:protected-sed
20481	20481	0	ok:protected-sed
20481	20481	0	ok:protected-sed
20481	20481	0	ok:protected-sed
20481	20481	0	ok:protected-sed
20481	20481	0	ok:protected-sed
20481	20481	0	ok:protected-sed
20481	20481	0	ok:protected-sed
21312	4247	0	ok:protected-sed
21686	4247	0	ok:protected-sed
22464	134	0	ok:protected-sed
22464	134	0	ok:protected-sed
22464	134	0	ok:protected-sed
22464	134	0	ok:protected-sed
22464	134	0	ok:protected-sed
22464	134	0	ok:protected-sed
22464	134	0	ok:protected-sed
22464	134	0	ok:protected-sed
22464	134	0	ok:protected-sed
23139	6743	0	ok:protected-sed
23175	6795	0	ok:protected-sed
23657	6942	0	ok:protected-sed
23929	6795	0	ok:protected-sed
24903	8523	0	ok:protected-sed
25057	3435	0	ok:protected-sed
25801	8732	0	ok:protected-sed
25806	3435	0	ok:protected-sed
27501	7741	0	ok:protected-sed
28455	4421	0	ok:protected-sed
28674	0	0	ok:protected-sed
28674	0	0	ok:protected-sed
28674	1	0	ok:protected-sed
28674	6	0	ok:protected-sed
28674	8	0	ok:protected-sed
28736	7967	0	ok:protected-sed
28860	4421	0	ok:protected-sed
29251	0	0	ok:protected-sed
29251	0	0	ok:protected-sed
29251	1	0	ok:protected-sed
29251	6	0	ok:protected-sed
29251	8	0	ok:protected-sed
30108	5567	0	ok:protected-sed
30217	4450	0	ok:protected-sed
30513	5567	0	ok:protected-sed
30622	4450	0	ok:protected-sed
31027	8520	0	ok:protected-sed
31576	8747	0	ok:protected-sed
31680	5875	0	ok:protected-sed
32085	5875	0	ok:protected-sed
32192	5626	0	ok:protected-sed
32597	5626	0	ok:protected-sed
32679	0	0	ok:protected-sed
32679	0	0	ok:protected-sed
32679	1	0	ok:protected-sed
32679	6	0	ok:protected-sed
32679	8	0	ok:protected-sed
33087	9136	0	ok:protected-sed
33271	10188	0	ok:protected-sed
33636	9363	0	ok:protected-sed
33820	10415	0	ok:protected-sed
34709	10826	0	ok:protected-sed
35116	7212	0	ok:protected-sed
35135	7212	0	ok:protected-sed
35258	11053	0	ok:protected-sed
35521	7212	0	ok:protected-sed
35540	7212	0	ok:protected-sed
38566	11985	0	ok:protected-sed
38585	11985	0	ok:protected-sed
39116	12212	0	ok:protected-sed
39135	12212	0	ok:protected-sed
39394	0	0	ok:protected-sed
39394	0	0	ok:protected-sed
39394	0	0	ok:protected-sed
39394	0	0	ok:protected-sed
39394	1	0	ok:protected-sed
39394	1	0	ok:protected-sed
39394	6	0	ok:protected-sed
39394	6	0	ok:protected-sed
39394	8	0	ok:protected-sed
39394	8	0	ok:protected-sed
40096	0	0	ok:protected-sed
40096	1	0	ok:protected-sed
40096	6	0	ok:protected-sed
40096	8	0	ok:protected-sed
40096	571	0	ok:protected-sed
51164	12267	0	ok:protected-sed
51602	0	0	ok:protected-sed
51602	1	0	ok:protected-sed
51602	6	0	ok:protected-sed
51602	8	0	ok:protected-sed
51602	4839	0	ok:protected-sed
51713	12494	0	ok:protected-sed
58602	0	0	ok:protected-sed
58602	1	0	ok:protected-sed
58602	6	0	ok:protected-sed
58602	8	0	ok:protected-sed
58602	1479	0	ok:protected-sed
67244	0	0	ok:protected-sed
67244	0	0	ok:protected-sed
67244	1	0	ok:protected-sed
67244	1	0	ok:protected-sed
67244	6	0	ok:protected-sed
67244	6	0	ok:protected-sed
67244	8	0	ok:protected-sed
67244	8	0	ok:protected-sed
67244	9511	0	ok:protected-sed
67244	9511	0	ok:protected-sed
139071	0	0	ok:protected-sed
139071	1	0	ok:protected-sed
139071	6	0	ok:protected-sed
139071	8	0	ok:protected-sed
139071	10328	0	ok:protected-sed
172690	0	0	ok:protected-sed
172690	1	0	ok:protected-sed
172690	6	0	ok:protected-sed
172690	8	0	ok:protected-sed
172690	3101	0	ok:protected-sed
0	2376	1	ok:ylwrap-sed
0	2857	1	ok:ylwrap-sed
0	3069	1	ok:ylwrap-sed
0	3339	1	ok:ylwrap-sed
0	3361	1	ok:ylwrap-sed
0	7007	1	ok:ylwrap-sed
0	8332	1	ok:ylwrap-sed
0	47824	1	ok:ylwrap-sed
0	49668	1	ok:ylwrap-sed
0	51326	1	ok:ylwrap-sed
0	53910	1	ok:ylwrap-sed
0	54905	1	ok:ylwrap-sed
0	60422	1	ok:ylwrap-sed
0	60637	1	ok:ylwrap-sed
0	89018	1	ok:ylwrap-sed
0	139730	1	ok:ylwrap-sed
0	145619	1	ok:ylwrap-sed
0	159678	1	ok:ylwrap-sed
17	0	1	rejected:mixed-input-authority
